id,first_name,last_name,email,gender,City,social
1,Christoper,Flower,cflower0@nbcnews.com,Male,Paris La Défense,YV4612HM6F1762632
2,Lulu,Liggins,lliggins1@usa.gov,Female,Zhangxi,WBAVM5C59FV609725
3,Elmo,Youle,eyoule2@netscape.com,Male,Surazh,SCFEBBCFXCG422267
4,Jemmy,Dalmon,jdalmon3@skype.com,Female,Saripin,1N6AA0CC7FN868206
5,Cecily,Lett,clett4@umn.edu,Female,Campo Belo,WBAPM73579E286705
6,Elie,Berringer,eberringer5@multiply.com,Female,Kusatsu,KNADH4A34A6209232
7,Martita,Calderonello,mcalderonello6@seesaa.net,Female,Chuncheon,1G6AZ5SX0E0974346
8,Bil,Rainton,brainton7@dropbox.com,Male,Falun,1N4AB7AP7DN533996
9,Hubie,Brasier,hbrasier8@ehow.com,Male,Tegalheras,1G6KD54Y14U172842
10,Alene,Rainton,arainton9@irs.gov,Female,Almodôvar,WP0AB2A88FK330528
11,Derron,Beaudry,dbeaudrya@dagondesign.com,Male,Shah Alam,WA1WMAFE0BD013246
12,Shandeigh,Portail,sportailb@jalbum.net,Female,Suwaru,WAUET48H75K880315
13,Wallie,Goggins,wgogginsc@123-reg.co.uk,Female,Popil'nya,1GYEK63N63R460235
14,Ansel,Gravell,agravelld@amazon.de,Male,Sosnogorsk,2C3CCAFJXCH188797
15,Herby,Ferne,hfernee@etsy.com,Male,Perepravnaya,WA1WGAFP7DA983351
16,Jamey,Vandenhoff,jvandenhofff@amazon.de,Male,Mutang,1NXBU4EE0AZ376857
17,Angel,Kemble,akembleg@wikia.com,Male,Nizhniy Chir,19UUA76637A853825
18,Wolfy,Blackney,wblackneyh@aol.com,Male,Sosnovo-Ozerskoye,WAUJF78K29N834866
19,Netta,Spadazzi,nspadazzii@smh.com.au,Female,Xinó Neró,WAUCFAFR9BA219136
20,Filide,Airs,fairsj@state.tx.us,Female,Salavan,WAUEF78E56A679194
21,Winny,Milward,wmilwardk@so-net.ne.jp,Female,Dadeldhurā,3C4PDCBB9DT501867
22,Jerrilyn,Warde,jwardel@blogtalkradio.com,Female,Shangyuan,1FTWW3B56AE414579
23,Sayre,Lay,slaym@artisteer.com,Female,Lecheng,JTDKTUD3XED749965
24,Jasmina,Philp,jphilpn@cam.ac.uk,Female,Chumikan,JTHDU1EF6A5762342
25,Inessa,Tomaszynski,itomaszynskio@chronoengine.com,Female,Nangka,KNDPB3A29C7779601
26,Edee,Condy,econdyp@lycos.com,Female,Gourcy,1GYS3FEJ3DR998676
27,Harald,Hartle,hhartleq@trellian.com,Male,Tsovazard,1FTWX3A5XAE752453
28,Korney,Simakov,ksimakovr@ucla.edu,Female,Karangnongko,WBALM53519E938771
29,Margret,Crowter,mcrowters@washington.edu,Female,Bor,5GAKRAKD7EJ631416
30,Stafford,Kares,skarest@edublogs.org,Male,Pridonskoy,1G6DC1E3XD0261596
31,Ugo,Keig,ukeigu@jugem.jp,Male,Diveyevo,3N1BC1APXAL526029
32,Justino,Willoughley,jwilloughleyv@cpanel.net,Male,Targowisko,SCBBB7ZH6DC468214
33,Sheri,Hannabuss,shannabussw@diigo.com,Female,Niu,1VWAS7A37FC761550
34,Andriana,Budge,abudgex@tripadvisor.com,Female,Slovenski Javornik,JN8AE2KP8D9127693
35,Klement,Manford,kmanfordy@usatoday.com,Male,Hudson Bay,WBAUP935X8V926846
36,Rayner,Darnell,rdarnellz@pcworld.com,Male,Kladovo,2LMDJ8JK6FB509580
37,Jorgan,Welbrock,jwelbrock10@nydailynews.com,Male,Mobile,WAUDFAFC2CN930431
38,Joshuah,Payn,jpayn11@ucoz.ru,Male,Yujiao,WBAVA37587N009013
39,Obediah,Sotheron,osotheron12@google.fr,Male,Samangawah,JH4KC1F94EC700698
40,Arabelle,Tertre,atertre13@latimes.com,Female,Chama,1GYS3EEJ3DR024304
41,Abrahan,Bootyman,abootyman14@cnet.com,Male,Syców,4USBT33414L216373
42,Griff,Smalley,gsmalley15@amazonaws.com,Male,Guingamp,1D7CW3BK9AS857134
43,Albrecht,Houseley,ahouseley16@baidu.com,Male,Hulan,YV1612FHXD2828478
44,Gerhardine,Boller,gboller17@soup.io,Female,São José de Mipibu,WDDDJ7CB1AA746639
45,Rasla,Rubertis,rrubertis18@imageshack.us,Female,Sibut,1D4PU4GK8BW871538
46,Shandie,Halwill,shalwill19@sourceforge.net,Female,Pederneiras,JN1CV6EL8FM203145
47,Pepita,Headland,pheadland1a@salon.com,Female,Depok,1N4AB7AP7DN156084
48,Nial,Brettoner,nbrettoner1b@mozilla.com,Male,El Pardo,JHMZF1C4XBS626509
49,Phillida,Doerling,pdoerling1c@spotify.com,Female,Colca,3D7TT2CT4BG743898
50,Ranee,Gotling,rgotling1d@reddit.com,Female,Cruzeiro do Sul,3VW4A7AT0CM297608
51,Winnifred,Stych,wstych1e@w3.org,Female,Malārd,1FTSW2B58AE153738
52,Horace,Balthasar,hbalthasar1f@jugem.jp,Male,Moyuan,WBALL5C56EJ455216
53,Rockwell,Umney,rumney1g@mtv.com,Male,Sukowono,2G4WC582961817836
54,Ernestine,Cridland,ecridland1h@psu.edu,Female,Atlanta,5N1AR2MM0EC359563
55,Brenda,Broomfield,bbroomfield1i@tiny.cc,Female,Xindian,1YVHZ8BH2B5324139
56,Ginelle,Losty,glosty1j@bbb.org,Female,Hengshan,WBA3V5C5XEJ920879
57,Myles,O'Sheilds,mosheilds1k@shop-pro.jp,Male,Tando Muhammad Khān,3D4PG9FV1AT821889
58,Syd,Smallman,ssmallman1l@sfgate.com,Male,Quintas,1N6BF0KX5FN609661
59,Merci,Farnie,mfarnie1m@uol.com.br,Female,Maesan,WBAVC73578A458618
60,Carl,Grzesiewicz,cgrzesiewicz1n@mac.com,Male,Cawayan,YV4952CF2B1200294
61,Bruno,Skippon,bskippon1o@about.com,Male,Gaoxing,1G6YX36D185404792
62,Clarissa,Rubroe,crubroe1p@studiopress.com,Female,Hīt,WDDLJ6HB8FA514030
63,Ruggiero,Gonoude,rgonoude1q@bizjournals.com,Male,Rio das Ostras,WDDGF4HBXCR640099
64,Arlen,Osbourne,aosbourne1r@free.fr,Female,Oskarshamn,1G6KP5E90AU934844
65,Bear,Olliff,bolliff1s@yale.edu,Male,Az Zāhir,KNAGM4ADXE5456560
66,Antoni,Murrison,amurrison1t@oaic.gov.au,Male,Zhengyangshan,1N6AF0LY3FN595522
67,Ursa,Jozefczak,ujozefczak1u@weebly.com,Female,Mukhen,WVGDP9BPXED628798
68,Shirl,Quilliam,squilliam1v@ucsd.edu,Female,Bāsht,NM0KS9BN5AT919327
69,Giavani,Gypson,ggypson1w@umn.edu,Male,Tanjungbatu,SCFFDABE2CG656520
70,Ennis,Sambals,esambals1x@toplist.cz,Male,Cangkringan,5TDDW5G10FS386372
71,Clark,Brookshaw,cbrookshaw1y@last.fm,Male,Hexi,19UUA66264A233702
72,Towney,Shipston,tshipston1z@fda.gov,Male,Jangas,WAUEKAFB6BN546917
73,Elbert,Docwra,edocwra20@fastcompany.com,Male,Tijão,5TDBKRFH7ES989200
74,Agatha,MacGill,amacgill21@newsvine.com,Female,Caihua,SCFAB01EX9G519541
75,Ursuline,Libreros,ulibreros22@weebly.com,Female,Dongdu,1FMHK7B81BG024092
76,Tatiana,Remmer,tremmer23@behance.net,Female,Nässjö,WBAEV33444P114312
77,Marin,Sweedland,msweedland24@csmonitor.com,Female,Krajan Curahcotok,1G6DN57SX50532485
78,Heall,Brunini,hbrunini25@auda.org.au,Male,Yeshan,1FTMF1E83AF809072
79,Lanny,Bottjer,lbottjer26@census.gov,Male,Huaikan,3A4GY5F9XAT732273
80,Gilles,Arundale,garundale27@photobucket.com,Male,Evansville,1G6AB5SX4E0248753
81,Mariejeanne,Abramow,mabramow28@hatena.ne.jp,Female,Kirovs’k,1C4RDHAG0DC025667
82,Nevin,Leile,nleile29@linkedin.com,Male,Nantes,SALVP1BG3CH368947
83,Candy,de Najera,cdenajera2a@plala.or.jp,Female,Mondokan,1D4PT2GK2AW839500
84,Masha,Awty,mawty2b@chicagotribune.com,Female,Concepcion,1FTEW1CF3FK577058
85,Olva,Alwell,oalwell2c@shutterfly.com,Female,Huaqiao,SCBFU7ZAXFC511499
86,Scot,Orgee,sorgee2d@auda.org.au,Male,Shedok,5J8TB4H53GL011437
87,Deina,Antoniutti,dantoniutti2e@apache.org,Female,General Guido,2C3CDXGJ7DH484912
88,Filbert,Dennitts,fdennitts2f@virginia.edu,Male,Motong,19UUA8F22EA131813
89,Lodovico,Stronge,lstronge2g@studiopress.com,Male,Paokmotong Utara,WBAFU9C50BC806025
90,Waylen,Mattheissen,wmattheissen2h@springer.com,Male,Xilanqi,3VW507AT3EM298956
91,Bobine,Everwin,beverwin2i@java.com,Female,Höllviken,WAUJC58E42A058048
92,Ettore,Casement,ecasement2j@csmonitor.com,Male,Lourdes,WAUDF58E55A402950
93,Estevan,Naton,enaton2k@webmd.com,Male,Sendangrejo,KNADM4A30E6049710
94,Bartholomew,Stuchberry,bstuchberry2l@springer.com,Male,Farmington,2C3CDYBT2DH312947
95,Bruis,Ciotti,bciotti2m@twitter.com,Male,Diaowei,WBAEV53412K564117
96,Vittoria,Ethridge,vethridge2n@walmart.com,Female,Paris 17,WBAYE4C52DD419532
97,Tiphani,Lathey,tlathey2o@home.pl,Female,San Remigio,KNDJT2A50D7865758
98,Lira,De Wolfe,ldewolfe2p@unblog.fr,Female,Zhongdeng,WVWAP7AN1EE778224
99,Helena,Bardnam,hbardnam2q@scribd.com,Female,Próchoma,3N1AB7AP0FL454489
100,Renault,Spencer,rspencer2r@webeden.co.uk,Male,Labney,WAUML44D02N085437
101,Gan,Pauley,gpauley2s@fc2.com,Male,Yanghu,1G6DM5E35D0601502
102,Danell,O'Gormley,dogormley2t@addthis.com,Female,Lages,3C63DPGL8CG400180
103,Guthrie,Walters,gwalters2u@hp.com,Male,Shatou,KMHHT6KD9AU857291
104,Granger,Lindermann,glindermann2v@addthis.com,Male,San Pedro,1FMJK1G56AE364815
105,Sheeree,Lowndes,slowndes2w@unicef.org,Female,Mizusawa,1FTEW1E89AF714259
106,Barr,Yellowlee,byellowlee2x@blogtalkradio.com,Male,Briceni,WA1C8AFP5DA357197
107,Frasier,Findlay,ffindlay2y@nifty.com,Male,Catabola,3C63D3EL6CG704183
108,Roy,Grandin,rgrandin2z@nature.com,Male,Nofoali‘i,WBADT53461C554192
109,Grover,Kleinstein,gkleinstein30@macromedia.com,Male,Bao’an,1G6DX67DX90247776
110,Garfield,Agneau,gagneau31@prweb.com,Male,Kiukasen,WBASN2C55DC912167
111,Reinaldo,Widdowfield,rwiddowfield32@vimeo.com,Male,Kuzhu,5TDBM5G12AS999387
112,Aldridge,Bordiss,abordiss33@godaddy.com,Male,Laslovo,WBA3T3C57EP646242
113,Kaye,Fackney,kfackney34@deliciousdays.com,Female,Ban Khlong Bang Sao Thong,JHMZF1D64ES624338
114,Tori,Sterman,tsterman35@webnode.com,Female,Kax,3C6LD4AT4CG218791
115,Emmalynn,Munt,emunt36@nih.gov,Female,Langue,WBXPA734X5W642462
116,Osgood,Gartenfeld,ogartenfeld37@businesswire.com,Male,Xumu,5UXZV4C5XBL908799
117,Hildegarde,Doumenc,hdoumenc38@issuu.com,Female,Mollās̄ānī,1GYFK23259R730051
118,Merill,Rickis,mrickis39@gnu.org,Male,Neni,1G4HP54K344290641
119,Peder,Nani,pnani3a@cafepress.com,Male,Don Mueang,WDDNG7DB6CA719666
120,Sarge,Kear,skear3b@goodreads.com,Male,Jinnan,5UXZV8C56D0391271
121,Baron,Rodbourne,brodbourne3c@wisc.edu,Male,Mohoro,WBA3B9C57DJ789568
122,Glynis,Sunnex,gsunnex3d@constantcontact.com,Female,Parabcan,WBAUN13508V366729
123,Martelle,Wain,mwain3e@aol.com,Female,Zargarān,WAUDL94F15N530030
124,Tabor,Winpenny,twinpenny3f@parallels.com,Male,Yiqi,1G6AY5SX6E0692845
125,Drud,Guidi,dguidi3g@vk.com,Male,Barobo,5UXFG2C52BL699575
126,Balduin,Samme,bsamme3h@csmonitor.com,Male,Nggambel,TRUDD38J181877676
127,Victoir,Inett,vinett3i@si.edu,Male,Yangying,WDDNG9FB1DA480795
128,Talbert,Fausset,tfausset3j@xing.com,Male,Hongjiaguan,4T1BF1FK4EU582783
129,Yard,Edler,yedler3k@scribd.com,Male,Litibakul,1C3BC2EB5BN328952
130,Kirsteni,Edgin,kedgin3l@skype.com,Female,Khisarya,SCFFDCCD3CG857411
131,Beverly,Spinola,bspinola3m@columbia.edu,Female,Kramators’k,WAUSGCFC0CN345816
132,Ivy,Reader,ireader3n@toplist.cz,Female,Vaitape,2C4JRGAG2DR386897
133,Brigham,Sellack,bsellack3o@cdc.gov,Male,Sut-Khol’,1FTSW2B54AE343827
134,Aldon,Marcinkus,amarcinkus3p@apache.org,Male,Seara,WBAPM5C5XBF942206
135,Horton,Brooke,hbrooke3q@princeton.edu,Male,Shuanglong,3C63D2GL0CG255901
136,Shannon,Browell,sbrowell3r@pbs.org,Male,Huishi,WAUXD68DX2A714208
137,Wendel,Jovicic,wjovicic3s@google.co.jp,Male,Belo Horizonte,5N1AN0NU7FN535335
138,Barbette,Izakoff,bizakoff3t@arstechnica.com,Female,Thala,1G6DP5E30D0397392
139,Honor,Deedes,hdeedes3u@diigo.com,Female,Francisco Villa,3C6TD4CT6CG127096
140,Julia,Hawthorn,jhawthorn3v@youtube.com,Female,Áno Kastrítsion,3LN6L2LU0FR133759
141,Norah,Chattell,nchattell3w@amazon.de,Female,Lourido,JN8AZ2KR3DT434214
142,Silvain,Tumbelty,stumbelty3x@ask.com,Male,Xinjiebu,5J8TB4H5XGL342841
143,Bogey,Yeulet,byeulet3y@usnews.com,Male,Bol’shoy Karay,19UYA41673A285127
144,Lodovico,Attwoul,lattwoul3z@yellowpages.com,Male,Bagansiapiapi,JN8AF5MR2DT995205
145,Dulcea,Assel,dassel40@theglobeandmail.com,Female,Laranjal Paulista,SAJWA4EC8CM880865
146,Evelyn,Buyers,ebuyers41@unicef.org,Female,Jūrat ash Sham‘ah,WAUBH74F27N958737
147,Lindsey,Wollers,lwollers42@artisteer.com,Female,Dabu,JH4CL95938C183371
148,Aggi,Copplestone,acopplestone43@typepad.com,Female,Cambebba,WP0AB2A82CU400671
149,Daryl,Simmig,dsimmig44@linkedin.com,Male,São Francisco do Conde,1FTNF1E86AK759540
150,Allayne,Larraway,alarraway45@hud.gov,Male,Monkayo,1GYS3AKJXFR581484
151,Rona,Faudrie,rfaudrie46@salon.com,Female,Ipoh,5XXGM4A7XEG858636
152,Josselyn,Blaydon,jblaydon47@naver.com,Female,Kayukembang,SALFR2BG4FH378735
153,Jacqueline,Ducrow,jducrow48@oaic.gov.au,Female,Ploemeur,WAUGFAFC1EN684150
154,Freedman,Streight,fstreight49@slideshare.net,Male,Lions Bay,3GYFK66N64G206350
155,Mord,Ascough,mascough4a@yandex.ru,Male,Xia Dawo,JH4CW2H66CC181431
156,Adams,Giraudou,agiraudou4b@bbb.org,Male,Grand Forks,WAUDF98E07A443240
157,Nananne,Klimshuk,nklimshuk4c@ycombinator.com,Female,Basseterre,2C3CCAGG8FH749781
158,Maddy,Diamant,mdiamant4d@ucoz.com,Male,Tapel,JTEBU5JR8C5829327
159,Terrie,Pavy,tpavy4e@tiny.cc,Female,Tindog,3D7TP2CT5BG255306
160,Bradford,Dennant,bdennant4f@dot.gov,Male,Perelhal,1G4GG5E39DF876381
161,Nevin,Robberecht,nrobberecht4g@statcounter.com,Male,Cheban,KMHEC4A44EA627092
162,Jedediah,Rickeard,jrickeard4h@ifeng.com,Male,Palenggihan,WAUMGBFL8CA379786
163,Danita,Dewberry,ddewberry4i@dagondesign.com,Female,Ciperang,KMHGH4JH6DU517624
164,Norry,Lackeye,nlackeye4j@msu.edu,Female,Memphis,2HNYD18876H933125
165,Tatum,Gatland,tgatland4k@bluehost.com,Female,Abaca,WA1YL54B95N277947
166,Renie,Daft,rdaft4l@symantec.com,Female,Agía Varvára,WA1VFBFL4EA581077
167,Stephenie,Ambridge,sambridge4m@blogger.com,Female,Sastöbe,5NPDH4AE6FH601968
168,Carney,Feather,cfeather4n@twitpic.com,Male,Dolgoderevenskoye,19XFA1E8XBE775010
169,Ives,Merrington,imerrington4o@cloudflare.com,Male,Jielin,JN8CS1MWXFM822273
170,George,Kelinge,gkelinge4p@latimes.com,Male,Khorol,KMHDB8AEXAU898309
171,Godiva,Spinelli,gspinelli4q@macromedia.com,Female,Sobotka,JH4CL95886C197271
172,Fonz,Greenland,fgreenland4r@blogger.com,Male,Itambé,3N1AB7AP8FL049903
173,Zuzana,Bestwall,zbestwall4s@cbc.ca,Female,Sorodot,WAUNF98P27A179833
174,Killian,Siverns,ksiverns4t@washingtonpost.com,Male,Samboan,JHMZE2H52DS772075
175,Rosalie,Clarey,rclarey4u@live.com,Female,Daohe,WA1AV94L59D549918
176,Tanny,Bowering,tbowering4v@twitpic.com,Male,Ban Huai Thalaeng,WAU3VAFR0AA367824
177,Reinhard,Twomey,rtwomey4w@networksolutions.com,Male,Shiziling,WAUAF68E85A840239
178,Ophelie,Ondricek,oondricek4x@alexa.com,Female,Menghai,1N6AD0CU8AC126868
179,Mitchael,Creamer,mcreamer4y@tmall.com,Male,Upper Hell's Gate,1D7CE2BK9AS993387
180,Humfried,Russ,hruss4z@tuttocitta.it,Male,Batulawang,WBACK73461L838710
181,Ailee,Beedom,abeedom50@bing.com,Female,Novokuz’minki,4T1BK1EBXFU840996
182,Warden,Melbert,wmelbert51@harvard.edu,Male,Nowe Grocholice,WUAYU48H48K225033
183,Marwin,Meeron,mmeeron52@sakura.ne.jp,Male,Kostanay,WAULC68E14A084124
184,Land,Cassidy,lcassidy53@vk.com,Male,Mgandu,KMHTC6AD6EU877094
185,Hazel,Gipp,hgipp54@chicagotribune.com,Female,Yajiang,2C3CCAKG2EH241540
186,Stormy,Penman,spenman55@engadget.com,Female,Newark,1G6DM1E3XD0477252
187,Raddie,Nurden,rnurden56@cnn.com,Male,Jianshe,JM1CW2BL7C0728160
188,Jasmine,Rays,jrays57@seesaa.net,Female,Shiye,SALCR2BG1FH864616
189,Lynelle,Housecraft,lhousecraft58@cisco.com,Female,Al Ghizlānīyah,4USDU53548L052763
190,Madlen,Golbourn,mgolbourn59@netlog.com,Female,Longshan,1LNHL9DR1AG017563
191,Cecilius,Julian,cjulian5a@imdb.com,Male,Shuiche,WAUVC58E95A211903
192,Tadio,Rasher,trasher5b@google.ru,Male,Yongfeng,WBANE53597B359421
193,Abrahan,Banasevich,abanasevich5c@smugmug.com,Male,Taveiro,5N1AR2MMXFC013408
194,Harald,Pre,hpre5d@umn.edu,Male,Sainte-Thérèse,1YVHZ8BH7B5588036
195,Colleen,Waiton,cwaiton5e@xrea.com,Female,Budapest,SCFFBCCDXAG345776
196,Lissi,Rignall,lrignall5f@infoseek.co.jp,Female,Jiuhua,WBAWC33538P729832
197,Dickie,Kwietek,dkwietek5g@facebook.com,Male,Načeradec,SCFFDCCD7BG965397
198,Traci,Noonan,tnoonan5h@nps.gov,Female,Sankwia,1ZVBP8AM8D5895456
199,Inez,Bettam,ibettam5i@is.gd,Female,Darungan,2G4G05GV4B9108011
200,Calida,Lapthorne,clapthorne5j@sciencedirect.com,Female,Mariestad,SCBBP9ZA0CC192725
201,De,Rutley,drutley5k@merriam-webster.com,Female,Nizhnepavlovka,WAUAF68E95A686267
202,Gilemette,Lyosik,glyosik5l@sina.com.cn,Female,Banho e Carvalhosa,WAUCFAFH3DN930141
203,Meris,Glencorse,mglencorse5m@mozilla.com,Female,Christchurch,1G6DC5EY9B0131440
204,Sherrie,Wissby,swissby5n@bing.com,Female,Raciąż,3VW467AT3DM443776
205,Alfy,Clibbery,aclibbery5o@hp.com,Male,Kedian,WP0AA2A82AU068134
206,Maximilian,Densell,mdensell5p@bloglines.com,Male,Gozdowo,5TFBY5F16DX945353
207,Alf,Matuschek,amatuschek5q@whitehouse.gov,Male,Silvares,KMHTC6AD8DU087925
208,Pierre,Kennelly,pkennelly5r@i2i.jp,Male,Hafnarfjörður,3C63D2CL4CG190928
209,Morgen,Jeste,mjeste5s@lulu.com,Female,Krajan Pundungsari,WBA3N5C5XEK821389
210,Kaitlin,Burbage,kburbage5t@cocolog-nifty.com,Female,Macieira de Rates,WAUGL78E48A169200
211,Lurlene,Rault,lrault5u@lulu.com,Female,Bantul,1G6AJ5SX4F0653130
212,Gaby,Alcide,galcide5v@taobao.com,Male,San Onofre,WBAYM1C57ED781181
213,Shadow,Acres,sacres5w@squarespace.com,Male,Phủ Thông,WAUFFAFL7BN369554
214,Hanna,Grinstead,hgrinstead5x@rakuten.co.jp,Female,Mastaiciai,JH4KB2F51BC201469
215,Samuele,Roby,sroby5y@pbs.org,Male,Longnan,1G6KD57Y86U831983
216,Tarrah,Gudde,tgudde5z@mozilla.com,Female,Xiabaishi,1G6DC5E52C0913537
217,Corry,Whithalgh,cwhithalgh60@skyrock.com,Female,Qarchī Gak,WAUSH78E68A728449
218,Zachery,Force,zforce61@bloglines.com,Male,Huliao,WAUJC68E35A409039
219,Kristal,Diament,kdiament62@nymag.com,Female,Sankui,YV4852CZ8B1996216
220,Fairlie,Tomsa,ftomsa63@uiuc.edu,Male,San Lorenzo,WAUAF68E25A157159
221,Karlan,Krzysztofiak,kkrzysztofiak64@fotki.com,Male,Gumuk Tengah,5XYKT3A1XDG889804
222,Harcourt,Batrim,hbatrim65@mail.ru,Male,Forssa,3D7LP2ET7BG131647
223,Kippy,Skittrell,kskittrell66@slashdot.org,Female,Xipu,2B3CK8CT0AH884628
224,Pepillo,Andrus,pandrus67@marriott.com,Male,Song,WAUPL68E35A221809
225,Alexandre,Portigall,aportigall68@google.co.jp,Male,Zapolyarnyy,WAUAF68E65A740673
226,Lucretia,Clayhill,lclayhill69@pbs.org,Female,Calmar,WAUEF98E98A085691
227,Gav,Darbey,gdarbey6a@google.cn,Male,Erhe,19UUA862X9A571302
228,Edythe,McEvon,emcevon6b@wix.com,Female,Bacelo,1FMJK1H58DE809297
229,Oliver,Mitrikhin,omitrikhin6c@indiatimes.com,Male,Baisha,WAULVBFRXCA600603
230,Jsandye,Squeers,jsqueers6d@sina.com.cn,Female,Kota Bharu,WA1WKBFP5CA235409
231,Sonnnie,Shawel,sshawel6e@moonfruit.com,Female,Tanguá,5NPDH4AE6BH783360
232,Roselin,Georg,rgeorg6f@unblog.fr,Female,Gorzów Śląski,1G6YV36A875265898
233,Washington,Winnett,wwinnett6g@clickbank.net,Male,Pacatuba,1GYEK63N36R972751
234,Laney,Furmedge,lfurmedge6h@biblegateway.com,Female,Ciudad Arce,1C4RDHAG1FC026684
235,Davie,Guthrum,dguthrum6i@shinystat.com,Male,Kedungringin,WAUUL78E88A797800
236,Clarisse,Braben,cbraben6j@slashdot.org,Female,Bajera,JM1GJ1T54E1149182
237,Atlanta,Belsher,abelsher6k@utexas.edu,Female,Kunshan,JH4CW2H55DC636150
238,Hunfredo,Sappson,hsappson6l@weebly.com,Male,Vitória,WAUML54BX4N156294
239,Meredeth,Aird,maird6m@mail.ru,Male,Banyubang,JHMZE2H34CS480148
240,Colver,Pickless,cpickless6n@amazon.co.jp,Male,Monjas,3N6CM0KN5FK656333
241,Willey,Bytheway,wbytheway6o@wufoo.com,Male,Fuwayriţ,WAULT58E25A941658
242,Rick,Lamminam,rlamminam6p@sourceforge.net,Male,Maubara,WAULC58E53A943515
243,Angeline,McKinney,amckinney6q@weibo.com,Female,Luofang,19XFB2F50DE687674
244,Nollie,Mongin,nmongin6r@soundcloud.com,Male,Yongchang,KNADM5A39E6266680
245,Janna,Blazynski,jblazynski6s@eventbrite.com,Female,Sobreira,WUAW2BFC7EN117377
246,Kristina,Leighfield,kleighfield6t@google.com.br,Female,Keti Bandar,JN1AZ4EH9AM771800
247,Anastasia,Bircher,abircher6u@webeden.co.uk,Female,Suwaru,1GD02ZCG5DF798534
248,Arne,Goadby,agoadby6v@va.gov,Male,Zhujiang,WVGEF9BP7FD262775
249,Margaretha,Bramo,mbramo6w@usgs.gov,Female,San Clemente,1GYFC262X9R382773
250,Ailey,Brychan,abrychan6x@woothemes.com,Female,Binawara,4USBU33526L345747
251,Roch,Munn,rmunn6y@wufoo.com,Female,Musan-ŭp,1N4AL3AP0DC824776
252,Rosemary,Midson,rmidson6z@time.com,Female,Arras,2LMHJ5AR9AB021648
253,Cloris,Kedwell,ckedwell70@phpbb.com,Female,Gryaznovskoye,WBA3F9C58EF930799
254,Lorin,Breslin,lbreslin71@newyorker.com,Male,Umeå,19UUA75518A736383
255,Siegfried,Tuffley,stuffley72@123-reg.co.uk,Male,Da’an,3VWPG3AG0AM138446
256,Alric,Baxstair,abaxstair73@narod.ru,Male,Binzhou,1GKUCHE0XAR051815
257,Dorey,Zannuto,dzannuto74@wix.com,Female,Currais Novos,1GTN1TEH3FZ202175
258,Jeremiah,Veryard,jveryard75@nasa.gov,Male,Kolonowskie,1G6KD54YX1U310485
259,Jeno,O' Ronan,joronan76@indiegogo.com,Male,Reforma,1GYFK46838R474941
260,Gracia,Belchambers,gbelchambers77@blinklist.com,Female,Nusaherang,5LMJJ3J5XDE195748
261,Bell,Gregorin,bgregorin78@sourceforge.net,Female,Kebonkai,WA1YL64B94N617862
262,Bobbee,Gunner,bgunner79@netvibes.com,Female,Kindu,WUADUAFG2CN386057
263,Ximenez,Temple,xtemple7a@shareasale.com,Male,Pirapora,WVGAV3AX4DW015490
264,Ricky,Fazakerley,rfazakerley7b@aboutads.info,Female,Tembongraja,1GYS3EEJ7DR721863
265,Lynnea,Highnam,lhighnam7c@biglobe.ne.jp,Female,Conchal,1C3BC8EG5BN788174
266,Marcela,Durrand,mdurrand7d@wunderground.com,Female,Jaroměř,JN1AZ4EH6FM583856
267,Craggy,Gomery,cgomery7e@imgur.com,Male,Duqiao,YV4952BZ6E1525384
268,Dalila,Glendining,dglendining7f@infoseek.co.jp,Female,Coaticook,WVGEF9BP9ED669561
269,Meredith,Ubsdale,mubsdale7g@fotki.com,Female,Muqui,WAUSVAFA4AN020611
270,Golda,Lakenden,glakenden7h@istockphoto.com,Female,Hongjiang,1GTG5AE33F1778871
271,Carolus,Kehri,ckehri7i@illinois.edu,Male,Bartniczka,1G4GH5E38CF445705
272,Rex,Tunnicliff,rtunnicliff7j@mapy.cz,Male,Nanmu,WBAAV33481E265305
273,Arlan,Sarton,asarton7k@tuttocitta.it,Male,Água Preta,5N1AZ2MH1FN396260
274,Arlina,Mumm,amumm7l@tmall.com,Female,Ploso Wetan,WAUSH74F68N487631
275,Fancy,Fidal,ffidal7m@webs.com,Female,Carman,1GYEE23A490809869
276,Levy,Bonnor,lbonnor7n@omniture.com,Male,Kingston,WAUBVBFBXBN873630
277,Osmond,Cary,ocary7o@w3.org,Male,Nakhon Luang,WBS3C9C50FJ728509
278,Koren,Sholem,ksholem7p@spiegel.de,Female,Homeyo,1N6AF0KY3FN953459
279,Bendix,Klain,bklain7q@spotify.com,Male,Shuiji,1GD21XEG8FZ048141
280,Korella,Lawden,klawden7r@bizjournals.com,Female,Cergy-Pontoise,3GYFK62828G969097
281,Cynthie,Nipper,cnipper7s@hhs.gov,Female,Hafrsfjord,3C3CFFHH1ET805786
282,Rianon,Gard,rgard7t@businesswire.com,Female,Arauco,1G6AH5SX8D0323239
283,Marlowe,Noraway,mnoraway7u@nba.com,Male,Phuthaditjhaba,WDDJK6FA8FF756477
284,Norrie,Panchin,npanchin7v@ibm.com,Male,Tianyuan,WDDHF8JB5DA968617
285,Rodie,Lyptrade,rlyptrade7w@bigcartel.com,Female,Karlskrona,WBXPA93415W167392
286,Dianne,Ropkes,dropkes7x@dot.gov,Female,Pan-an,WBALL5C59FP424458
287,Kelley,Jukes,kjukes7y@biblegateway.com,Male,Araçuaí,1GTN1TEH8EZ636512
288,Saba,Wingeat,swingeat7z@jimdo.com,Female,Ajaccio,JM1DE1HY1B0042179
289,Codie,Douch,cdouch80@globo.com,Male,Velikiye Luki,WBY2Z2C5XEV176791
290,Tillie,Josskovitz,tjosskovitz81@geocities.com,Female,Paraguaçu Paulista,WAULT68E95A367730
291,Lacee,Pavlovic,lpavlovic82@cdbaby.com,Female,Xinyi,WDDNG9FB5CA348783
292,Brady,Harbisher,bharbisher83@pen.io,Male,Vom,JN1CV6EK7EM802088
293,Eddie,Dobrowolny,edobrowolny84@exblog.jp,Male,Biyong,WDDGF4HB1EG123840
294,Jessa,Ossulton,jossulton85@google.de,Female,Novaya Derevnya,WBAEV33483K964892
295,Lenee,Crayk,lcrayk86@wisc.edu,Female,Shubenka,1G4HK5E94AU737483
296,Veronique,Maunder,vmaunder87@about.com,Female,Uyen Hung,1G4GL5E36CF823714
297,Joel,Pye,jpye88@ameblo.jp,Male,Xiajiashan,2T1BURHE4FC986651
298,Lucienne,Anslow,lanslow89@nature.com,Female,Huangtugang,JH4DC54862C176119
299,Tallia,Duffil,tduffil8a@washington.edu,Female,Shilong,5J6YH1H30AL446661
300,Shellie,Lyne,slyne8b@comcast.net,Female,Xianshui,WBAEN33404E668216
301,Laurie,Mazella,lmazella8c@homestead.com,Male,Dom Pedro,WUAAU34238N771365
302,Ricki,Salle,rsalle8d@fda.gov,Male,Long’an Chengxiangzhen,JN8AZ2NC6F9249338
303,Kerrin,Gwynne,kgwynne8e@walmart.com,Female,Tepal,2D4RN3D10AR900677
304,Roosevelt,Shinfield,rshinfield8f@cbc.ca,Male,Dapdap,WAUEKBFB5AN523553
305,Teodoro,Curphey,tcurphey8g@wikimedia.org,Male,Bayawan,1G6DW6ED5B0560889
306,Renell,Sammon,rsammon8h@edublogs.org,Female,Fulnek,1G6DL1ED0B0638653
307,Derek,Habershon,dhabershon8i@youku.com,Male,Cavinti,JTHBE1D25F5275854
308,Doug,Thews,dthews8j@biblegateway.com,Male,Alurbulu,JHMGE8G33CC974037
309,Myles,Adamovicz,madamovicz8k@hugedomains.com,Male,Fuzihe,YV126MFK4F1552203
310,Teddy,Delbergue,tdelbergue8l@desdev.cn,Male,Zheshart,19UUA8F22BA495967
311,Sapphira,McCallister,smccallister8m@army.mil,Female,Zhukovka,WAUAF78EX7A942067
312,Northrop,Bamlett,nbamlett8n@blogs.com,Male,Miguel Hidalgo,KL4CJESB3EB989102
313,Ward,Le Fleming,wlefleming8o@fc2.com,Male,Butere,1G4PT5SV7D4302987
314,Tomasina,Astbury,tastbury8p@telegraph.co.uk,Female,Funtua,KNADM5A30D6029980
315,Shalne,Welham,swelham8q@icio.us,Female,Aranos,WA1YD64B04N781160
316,Wilone,Roalfe,wroalfe8r@bloomberg.com,Female,Osinniki,JTDKTUD36ED830977
317,Quint,Farriar,qfarriar8s@theglobeandmail.com,Male,Ageoshimo,JN8AE2KP4D9090318
318,Bunni,Grimsdith,bgrimsdith8t@princeton.edu,Female,Trzebunia,19XFA1E66AE629555
319,Berke,Metschke,bmetschke8u@discovery.com,Male,Vales,WAUUL78E25A331923
320,Nickola,Belchambers,nbelchambers8v@ovh.net,Male,Libertador General San Martín,WBAKF9C50DE709147
321,Noby,Pagel,npagel8w@mozilla.org,Male,Jalatrang,WBAVA33547F844803
322,Lorilyn,Cheater,lcheater8x@theglobeandmail.com,Female,Quangang,JTDKTUD38ED753447
323,Coleman,Piddick,cpiddick8y@ihg.com,Male,Jelat,WBABN534X3P847123
324,Garrot,Hudson,ghudson8z@indiegogo.com,Male,Monte,WAUHF78P48A163779
325,Benji,Dymond,bdymond90@over-blog.com,Male,Nggalak,2T2BK1BA9AC606947
326,Augusta,Koeppe,akoeppe91@guardian.co.uk,Female,Tyringe,1G6DL67A890129372
327,Skell,Roby,sroby92@a8.net,Male,Rangxi,WBAYA8C59FG752962
328,Henrieta,Roulston,hroulston93@photobucket.com,Female,Mandor,WBA3C1C51CA550112
329,Johnnie,Beauchop,jbeauchop94@eventbrite.com,Male,Brańsk,SCBBP9ZA9CC663707
330,Harman,Crewe,hcrewe95@msu.edu,Male,Skála Oropoú,1FTEX1CM7DF729635
331,Burty,Reddoch,breddoch96@dagondesign.com,Male,Kutampi,19UUA65675A048225
332,Cariotta,Kennifeck,ckennifeck97@nationalgeographic.com,Female,Montgomery,1D7RB1CP1BS410240
333,Alvie,Van,avan98@exblog.jp,Male,Junín,1N6AA0CH5DN078735
334,Doy,Landis,dlandis99@mac.com,Male,Prostřední Bečva,WAUDGBFLXAA028617
335,Tailor,Hankey,thankey9a@youtu.be,Male,Póvoa,WBADX7C51DJ959014
336,Diego,Houlston,dhoulston9b@woothemes.com,Male,Mstsislaw,JTEBU5JR2D5570139
337,Blakelee,Ripsher,bripsher9c@youtube.com,Female,Starominskaya,KMHEC4A4XFA762935
338,Mathe,Enterlein,menterlein9d@house.gov,Male,Ikey,1G6DK5EY3B0043549
339,Victoir,Griffey,vgriffey9e@apple.com,Male,Rzhev,2T1BU4EE9DC639658
340,Phylys,Custed,pcusted9f@apple.com,Female,Numan,SCFBB03C69G103597
341,Sibilla,Wilce,swilce9g@soup.io,Female,Ḩarf al Musaytirah,WDDHF2EBXBA599659
342,Patric,Nettles,pnettles9h@mac.com,Male,Pimentel,19UYA42733A599459
343,Abran,McLeoid,amcleoid9i@naver.com,Male,Vigo,SALFR2BG0DH103294
344,Tammie,Scoggan,tscoggan9j@mapquest.com,Male,Carvalho,5GAKVAKD8EJ615916
345,Brady,Cawood,bcawood9k@cisco.com,Male,Catia La Mar,WAUAF98E85A009485
346,Trumaine,Sink,tsink9l@simplemachines.org,Male,Fangtang,KMHGH4JH9CU285440
347,Delmor,Bowlas,dbowlas9m@independent.co.uk,Male,Gaoqiu,WDCYC3HF1EX923651
348,Jocelin,Labet,jlabet9n@yahoo.co.jp,Female,Lingyang,1GTN1TEH1FZ336828
349,Louisa,Puddicombe,lpuddicombe9o@cpanel.net,Female,Dobříš,WBA3K5C57FK193432
350,Eugenia,Comins,ecomins9p@cisco.com,Female,Plessisville,YV4612HMXF1482132
351,Bailey,Luxmoore,bluxmoore9q@msu.edu,Male,Huayuan,4USFE43567L602009
352,Bert,Cunnow,bcunnow9r@cam.ac.uk,Female,Villeneuve-la-Garenne,JH4CU4F40BC656444
353,Wilbert,Szanto,wszanto9s@ow.ly,Male,Xiaping,WAUKF98E76A055802
354,Keith,Dayton,kdayton9t@va.gov,Male,Wa,1G6KD57Y11U629544
355,Murvyn,Swithenby,mswithenby9u@nps.gov,Male,Volzhskiy,WAUUL98E88A297843
356,Sloane,Crowdson,scrowdson9v@opera.com,Male,Belfast,2C4RDGBGXER201478
357,Chen,Getley,cgetley9w@amazon.de,Male,Banag,4T1BD1EB2EU091345
358,Dick,McCuffie,dmccuffie9x@is.gd,Male,Gubat,3C4PDCBB6CT066661
359,Kristi,Nurny,knurny9y@edublogs.org,Female,Kouloúra,1G6AB5S37D0333226
360,Henderson,Densumbe,hdensumbe9z@zdnet.com,Male,Rio Real,1GYUKFEJ8AR928002
361,Tonnie,Wollers,twollersa0@seattletimes.com,Male,Rentung,SCBLF34F45C451159
362,Francine,Chippendale,fchippendalea1@bigcartel.com,Female,Sapu Padidu,JM3KE2BEXD0532349
363,Orlando,Gaudon,ogaudona2@techcrunch.com,Male,Słupno,WAU2GAFC1CN768313
364,Maible,Shand,mshanda3@tumblr.com,Female,Zagoryanskiy,WBAVD13576K268819
365,Sigismundo,Birkhead,sbirkheada4@exblog.jp,Male,Otan Aiyegbaju,2FMDK3GC8BB251873
366,Shayne,Downie,sdowniea5@drupal.org,Male,Hengzhou,1GD02ZCG7DF938387
367,Findlay,McGucken,fmcguckena6@comcast.net,Male,Antes,1GYUCKEF4AR949365
368,Ky,Burborough,kburborougha7@friendfeed.com,Male,Sviadnov,1FMJK1G57AE264514
369,Chloe,Pantridge,cpantridgea8@unblog.fr,Female,Gibbons,JN1AZ4EH2EM232974
370,Irma,Chesnut,ichesnuta9@github.io,Female,Haishan,SCFEBBEL2DG441271
371,Shurlocke,Evangelinos,sevangelinosaa@gov.uk,Male,Dowan,19UUA8F31DA981827
372,Dominique,Segot,dsegotab@ucoz.com,Female,Shuanghekou,5XYZG3AB5BG097228
373,Gustavo,McGarahan,gmcgarahanac@newyorker.com,Male,Piracicaba,WBAUN1C5XAV256468
374,Brad,Dumper,bdumperad@rambler.ru,Male,Paoua,1G6DU6EV7A0975001
375,Puff,Raffeorty,praffeortyae@delicious.com,Male,Wilczyce,JH4CL96917C980800
376,Warde,Hentzeler,whentzeleraf@google.es,Male,Komyshnya,1C3BC2EB8BN844187
377,Ted,Jentges,tjentgesag@bravesites.com,Male,Littleton,SAJWA4DC3AM966731
378,Tim,Rook,trookah@columbia.edu,Male,Uusikaupunki,5GAKVCED2CJ631338
379,Barbee,Trouel,btrouelai@blogtalkradio.com,Female,Malata,WAUJGBFC4DN814235
380,Conrad,Doyland,cdoylandaj@cisco.com,Male,Zhangaqorghan,1FTEW1C82FK112272
381,Foster,Tiesman,ftiesmanak@blogspot.com,Male,Khrystynivka,1G6KE54Y23U698957
382,Lura,Olifaunt,lolifauntal@scientificamerican.com,Female,Živinice,WVWAA7AJ8CW815811
383,Sancho,Franzelini,sfranzeliniam@msn.com,Male,Mariposa,1G6DC67A480849427
384,Luigi,Bettles,lbettlesan@uol.com.br,Male,Spasskoye-Lutovinovo,KNDJT2A59D7965339
385,Shirline,Matzke,smatzkeao@businesswire.com,Female,Balzar,WP0AA2A91CS290929
386,Pebrook,Loos,ploosap@marriott.com,Male,Potok Złoty,2G4WS52J131551484
387,Wiatt,Jestico,wjesticoaq@booking.com,Male,Hendījān,WA1CMAFP5FA748817
388,Lotti,Simonsen,lsimonsenar@uol.com.br,Female,Zavolzh’ye,WAUVC58E72A608828
389,Roley,Rhymes,rrhymesas@studiopress.com,Male,Ansan-si,SALVP2BG8FH867625
390,Karoline,Kleinbaum,kkleinbaumat@quantcast.com,Female,Xiaotao,WBAEU33412K236817
391,Tracy,Boutwell,tboutwellau@seesaa.net,Male,Jiulian,4A4AP3AU4DE205504
392,Erhard,Halfhide,ehalfhideav@cnet.com,Male,Na Yung,2G4GT5GX4E9885995
393,Konstance,Peplay,kpeplayaw@eventbrite.com,Female,Sitabamba,WBAKF5C54DJ494971
394,Trina,Cheal,tchealax@sohu.com,Female,Zhuyang,1GD02ZCG8DF454356
395,Carlynn,Winterborne,cwinterborneay@shop-pro.jp,Female,Töreboda,W04GP5EC6B1200141
396,Jim,Ashby,jashbyaz@oakley.com,Male,Cradock,3LN6L2G92ER819693
397,Van,Want,vwantb0@illinois.edu,Male,Kembang,WAUMR94E59N213041
398,Gannon,Vears,gvearsb1@artisteer.com,Male,Mueang Phuket,5UMDU934X6L029730
399,Ivor,Bidwell,ibidwellb2@tinypic.com,Male,Blois,JM1DE1KY5C0510683
400,Efren,Ebertz,eebertzb3@toplist.cz,Male,Germiston,1GYUKKEFXAR457152
401,Roobbie,Leighfield,rleighfieldb4@qq.com,Female,Beskolen,WAUKF78E48A651389
402,Darrel,Lenin,dleninb5@cloudflare.com,Male,Bonpland,WAUCFAFC7DN886214
403,Mikaela,Evangelinos,mevangelinosb6@pcworld.com,Female,Maswa,1GD311CG1FF657397
404,Elga,Etheredge,eetheredgeb7@toplist.cz,Female,Kindersley,2T3BFREV0FW107568
405,Theda,Gowdie,tgowdieb8@state.tx.us,Female,Shinaihai,1G6YX36D495180158
406,Grace,Coggins,gcogginsb9@mysql.com,Female,Mali,WAUBF78E58A289301
407,Joya,While,jwhileba@boston.com,Female,Langtad,1B3CB9HA0BD540759
408,Norma,Nicholl,nnichollbb@biglobe.ne.jp,Female,Veliko Tŭrnovo,WBAUC73519V746110
409,Modesty,Herety,mheretybc@salon.com,Female,Mishima,JN8AZ2NC6B9269518
410,Lela,Bason,lbasonbd@house.gov,Female,Yangjiao,2C3CDXGJ5DH397445
411,Marguerite,Isacsson,misacssonbe@t-online.de,Female,Ćićevac,1D7CE2BKXAS417873
412,Doreen,Dwine,ddwinebf@sohu.com,Female,Xinjie,WBA3B3C56EJ511856
413,Diane-marie,Ambroz,dambrozbg@walmart.com,Female,Shaoguan,2G61W5S84F9057984
414,Alphonso,Garvan,agarvanbh@whitehouse.gov,Male,Veternik,1FBAX2CM8FK840570
415,Trina,Eddleston,teddlestonbi@dot.gov,Female,Bous,3C3CFFER7CT943150
416,Levin,St Quenin,lstqueninbj@jigsy.com,Male,Shangshuai,WA1BY74L29D662399
417,Shena,Hullock,shullockbk@dropbox.com,Female,Maoping,1VWAH7A34DC331275
418,Dante,Dorricott,ddorricottbl@yale.edu,Male,Jambulang,JTHBE1BL5D5473228
419,Cazzie,Mancell,cmancellbm@delicious.com,Male,Guradog,2LMDJ6JK0EB637557
420,Arliene,Castanyer,acastanyerbn@surveymonkey.com,Female,Sungaikakap,1G6DS8ED0B0632556
421,Aime,Stampe,astampebo@indiatimes.com,Female,Genisséa,5GAKVAED0CJ583164
422,Jenilee,McFadin,jmcfadinbp@xinhuanet.com,Female,E’erdun Wula,JN1AJ0HPXCM129933
423,Maurine,McKibbin,mmckibbinbq@prweb.com,Female,Kimhae,1N6AA0CC5DN702991
424,Lexine,Plampin,lplampinbr@blogs.com,Female,Prestea,2G4WC562351423895
425,Muhammad,Loudiane,mloudianebs@washingtonpost.com,Male,Zhanghekou,SCBZK25E91C211721
426,Sterne,Mattei,smatteibt@amazon.co.jp,Male,Nangka,5FNYF3H46EB453753
427,Kipp,Levey,kleveybu@army.mil,Female,Ujungpangkah,WAUDFAFC3DN386913
428,Silvain,Rockell,srockellbv@microsoft.com,Male,Kiambu,5TFAW5F12FX694707
429,Corbett,Frostick,cfrostickbw@yellowbook.com,Male,Kaduy,WAUKF68E05A980189
430,Corinna,Jovicevic,cjovicevicbx@si.edu,Female,La Loma,JM1CW2BL3C0208893
431,Perceval,Le Breton,plebretonby@icio.us,Male,Qingduizi,1FTSW2B59AE575291
432,Sergei,Hovel,shovelbz@bbb.org,Male,San Francisco de la Paz,WP0CB2A82FK164662
433,Natalya,Iggalden,niggaldenc0@indiegogo.com,Female,Kfar NaOranim,JN1CV6EK1DM466369
434,Crystie,Pennino,cpenninoc1@imageshack.us,Female,Ngreco,WAUJT58E34A806095
435,Cyril,Traves,ctravesc2@imgur.com,Male,Sihe,1VWAP7A33EC874038
436,Karole,Casellas,kcasellasc3@bing.com,Female,Qiaozi,WBAPM5C51BA573698
437,Louisette,Rogister,lrogisterc4@nifty.com,Female,Bergen,WUADUAFG4F7354400
438,Estele,Jillard,ejillardc5@sciencedirect.com,Female,Turtas,WA1LGAFE3BD257919
439,Karlotte,Mettericke,kmetterickec6@cargocollective.com,Female,San Matías,NM0KS9BN1CT232574
440,Catarina,Camis,ccamisc7@newyorker.com,Female,Tullinge,WAUDF78E66A588365
441,Teena,Heimann,theimannc8@taobao.com,Female,Séléa,WAUPL68E94A499855
442,Ganny,Haggidon,ghaggidonc9@dagondesign.com,Male,Vrede,1C3CDZEG0CN550712
443,Theressa,Abbys,tabbysca@sitemeter.com,Female,Xinjiang,JN8AF5MR9BT782815
444,Lil,Floyd,lfloydcb@github.io,Female,Lianghu,WAULFAFR7CA363463
445,Jenni,Gatehouse,jgatehousecc@technorati.com,Female,Veiga,JH4DC44581S665013
446,Ewan,Astley,eastleycd@ucoz.ru,Male,Sukarara Utara,NM0KS9BN0AT202124
447,Ailee,Snowding,asnowdingce@va.gov,Female,Ruse,1D7CW3GK4AS007078
448,Stacie,Gunther,sgunthercf@example.com,Female,Vredendal,WA1CKAFP5AA228728
449,Philip,Dooland,pdoolandcg@techcrunch.com,Male,Morro Agudo,WAUAFAFL2EN194158
450,Theodore,Beverley,tbeverleych@techcrunch.com,Male,Shakhta,WAUHF78P06A460500
451,Muhammad,Hultberg,mhultbergci@patch.com,Male,Katoro,1G6DC8E33E0577335
452,Rowan,Crommett,rcrommettcj@soup.io,Male,Cipatujah,JN1AZ4FH9FM763752
453,Merle,Road,mroadck@comcast.net,Female,Sagaing,WBAVL1C53EV395700
454,Sonnie,Georgelin,sgeorgelincl@msu.edu,Male,Xiaoshanzi,WAUEF98E08A398886
455,Carly,Esgate,cesgatecm@shop-pro.jp,Female,Gaxung,2D4RN4DG6BR624761
456,Donielle,Piele,dpielecn@hugedomains.com,Female,'s-Hertogenbosch,1G6DP577970513144
457,Lidia,Camsey,lcamseyco@devhub.com,Female,Dessalines,WAU3GBFC5DN721524
458,Clarinda,Arnot,carnotcp@newsvine.com,Female,Sarapul,WBSBR93402E430403
459,Lark,Marguerite,lmargueritecq@zimbio.com,Female,Tosno,1N6AA0CJXDN277167
460,Rafaela,Jeves,rjevescr@geocities.jp,Female,Maliang,1G6AB5SA3F0419845
461,Lemar,Wiburn,lwiburncs@paginegialle.it,Male,Yingkeng,5N1AA0NC0FN321385
462,Luce,Crysell,lcrysellct@wordpress.org,Male,Qing’an,5UXFE4C52AL587343
463,Isacco,MacLaughlin,imaclaughlincu@godaddy.com,Male,Dawang,WAUAFAFH5EN277787
464,Tim,Sacaze,tsacazecv@paginegialle.it,Female,Tyszowce,SALME1D46CA073404
465,Joycelin,Itzkowicz,jitzkowiczcw@smh.com.au,Female,Bosanski Novi,WAUBFAFLXFA194678
466,Skylar,Lammie,slammiecx@hexun.com,Male,Chimichagua,1C3CDFEB1ED355746
467,Alon,MacKettrick,amackettrickcy@pagesperso-orange.fr,Male,General Luna,WBAWB33508P373374
468,Bethany,Melonby,bmelonbycz@ehow.com,Female,Besuki,WBASP0C58DC720174
469,Alli,Cheatle,acheatled0@shinystat.com,Female,Kulary,JN8BS1MW2DM932114
470,Ingmar,Bisterfeld,ibisterfeldd1@uol.com.br,Male,Edosaki,1FTSX2B59AE200451
471,Cassi,De Lisle,cdelisled2@ebay.com,Female,Haixing,WBA3C3C52EP015494
472,Ozzy,Wadley,owadleyd3@foxnews.com,Male,Pingdu,WAUDT74F55N009946
473,Burnaby,Paydon,bpaydond4@noaa.gov,Male,Bazar-Korgon,2C3CDZFJ9FH425070
474,Sacha,Innocent,sinnocentd5@wordpress.com,Female,Rodez,WBASP0C53DC574556
475,Lowe,Flawn,lflawnd6@geocities.com,Male,Tielong,WVWGU7AN1CE146579
476,Lancelot,McClaurie,lmcclauried7@java.com,Male,Denyshi,3FA6P0D92DR274388
477,Panchito,Leppard,pleppardd8@acquirethisname.com,Male,Pecoro,2G4GV5GV8D9792694
478,Lorie,Dampier,ldampierd9@printfriendly.com,Female,Al Bahlūlīyah,1GKS1AE03ER928929
479,Madelle,Faichnie,mfaichnieda@scribd.com,Female,Rudnichnyy,1GYEK63N83R279170
480,Wheeler,Brokenbrow,wbrokenbrowdb@businessinsider.com,Male,Catbalogan,1G6DK8E31D0567937
481,Mariska,Lopes,mlopesdc@bbc.co.uk,Female,Paris 13,2G4GV5EV4B9019477
482,Oran,Schukraft,oschukraftdd@ocn.ne.jp,Male,Świnice Warckie,3D7TT2CT4BG952221
483,Romona,Marquese,rmarquesede@dailymail.co.uk,Female,Port Colborne,WAUEL94F66N085158
484,Pearle,Tacon,ptacondf@indiatimes.com,Female,São Paulo de Olivença,WBAFB33531L390537
485,Estele,Ivoshin,eivoshindg@over-blog.com,Female,Subkowy,JN8AF5MR1DT406726
486,Reggi,Lanaway,rlanawaydh@flickr.com,Female,Haumeni,3VWJP7ATXCM997282
487,Butch,Haye,bhayedi@usgs.gov,Male,Pervomayskoye,2G4WF521831618814
488,Corny,Emmott,cemmottdj@mit.edu,Male,Taremskoye,WAUGU44D33N975622
489,Mira,Bryenton,mbryentondk@mysql.com,Female,Orocué,3D73Y3CLXBG971413
490,Gina,Wye,gwyedl@cdbaby.com,Female,Kedung,3D7TT2HTXBG277774
491,Gillian,Morrall,gmorralldm@google.nl,Female,Kokaj,JN1BY1PR6FM824553
492,Nyssa,Reape,nreapedn@paypal.com,Female,Yushan,SCFEBBBC2AG244701
493,Velvet,Bissatt,vbissattdo@ezinearticles.com,Female,Reston,WA1BY94L87D304815
494,Eduardo,Haysar,ehaysardp@imageshack.us,Male,Chimbas,2G4WE587X81953739
495,Arel,Piggens,apiggensdq@g.co,Male,Xiaoduchuan,3VW467ATXCM609693
496,Yardley,Sautter,ysautterdr@cyberchimps.com,Male,Vernon,1G6DA5EY3B0927980
497,Harlene,Stiebler,hstieblerds@hexun.com,Female,Tsaghkadzor,WBABS33432P432348
498,Bobbi,Veld,bvelddt@geocities.com,Female,Sujitan,WDDEJ7KB7BA807757
499,Barrie,O'Doghesty,bodoghestydu@ezinearticles.com,Male,Kilifarevo,WA1WKBFP7BA016109
500,Maxine,Tumayan,mtumayandv@devhub.com,Female,Detchino,WA1EV94L68D894312
501,Hiram,Baron,hbarondw@sitemeter.com,Male,Paris 18,5J8TB3H55FL256930
502,Malina,Etock,metockdx@bloglines.com,Female,Kuliyapitiya,NM0KS9AN3AT250685
503,Rania,Divall,rdivalldy@phpbb.com,Female,Zhashkiv,KMHTC6AD9CU703386
504,Emlen,Excell,eexcelldz@nytimes.com,Male,Talok,1D7RV1CP0BS220260
505,Niki,Raittie,nraittiee0@discuz.net,Female,Lendan,WVWGU7AN6CE828874
506,Odette,Rookes,orookese1@google.cn,Female,Cilaja,WAUDGBFL2CA825429
507,Bent,Willmetts,bwillmettse2@army.mil,Male,Tô Hạp,1G6DK5EY2B0567257
508,Fletcher,Spight,fspighte3@dailymail.co.uk,Male,Vagonoremont,WVWGU7AN0CE483714
509,Waite,Adamec,wadamece4@si.edu,Male,Miguel Pereira,1G6DG1E30E0772188
510,Tine,Poate,tpoatee5@printfriendly.com,Female,Zhangdian,WBAFR1C57BC364119
511,Wiley,Dumper,wdumpere6@amazon.de,Male,Sampaloc,1G4PR5SK1F4142144
512,Gerianna,Wethered,gwetherede7@bloglines.com,Female,Vanves,3C63DRKL5CG971886
513,Baillie,Jorgesen,bjorgesene8@yale.edu,Male,Milove,WAUBF98E78A936910
514,Daffi,Stoppe,dstoppee9@i2i.jp,Female,Ağdaş,1VWAP7A34EC097126
515,Winona,Adcocks,wadcocksea@vk.com,Female,Qingyang,1GYS4HEF0ER398445
516,Griffin,Hairs,ghairseb@netlog.com,Male,Staffanstorp,WBA6A0C50FG041627
517,Modestia,Rubinlicht,mrubinlichtec@usatoday.com,Female,Anniston,WUARL48HX6K842571
518,Kylie,Fenners,kfennersed@omniture.com,Male,Lisakovsk,1C4SDJCT9DC382736
519,Hakeem,Withur,hwithuree@unicef.org,Male,Lau,WAUAGAFD8EN596305
520,Karla,Brecken,kbreckenef@cafepress.com,Female,Leonidovo,5TDDK3DC1FS314778
521,Codie,Silverton,csilvertoneg@skyrock.com,Male,Sindangsari,YV1382MS2A2032154
522,Findley,Gairdner,fgairdnereh@unicef.org,Male,Marau,WAULF78K49N264488
523,Erina,Coyne,ecoyneei@dmoz.org,Female,Saint-Gaudens,1N6BF0KLXFN428309
524,Phip,Wallett,pwallettej@fda.gov,Male,White City,5GADV23157D409781
525,Omar,Hearthfield,ohearthfieldek@t.co,Male,Överkalix,WBA3X5C56FD725002
526,Colette,Lufkin,clufkinel@yelp.com,Female,Korogan Timur,WAUGGBFC5DN332724
527,Mart,Hansen,mhansenem@slate.com,Male,Kuala Lumpur,1GKS1KE07CR998047
528,Maribeth,Nunn,mnunnen@free.fr,Female,Pedrogão,2B3CJ5DT0AH081527
529,Sybila,Westney,swestneyeo@friendfeed.com,Female,Al Bayḑā’,1GYS3JEF5BR442820
530,Jen,Ridges,jridgesep@opensource.org,Female,Pangao,4T1BK1EB1FU569777
531,Garald,Kaveney,gkaveneyeq@hhs.gov,Male,Mauponggo,1FTWX3B59AE852400
532,Robert,Roja,rrojaer@ezinearticles.com,Male,Santa Clara,WBADS33441G813696
533,Burtie,Bockmann,bbockmannes@wikimedia.org,Male,El Puente,WAUNG74F39N322797
534,Cilka,Blamire,cblamireet@sina.com.cn,Female,Tajike’abati,1G6D05EG9A0883959
535,Mil,Locker,mlockereu@yale.edu,Female,Anserma,3LN6L2G9XFR037806
536,Melli,Siggee,msiggeeev@storify.com,Female,Charlesland,WBABN33482P695460
537,Dame,Sowden,dsowdenew@amazon.co.uk,Male,Baitu,1C4AJWAG9FL904498
538,Tad,Doward,tdowardex@ehow.com,Male,Lubei,WA1LMBFE9AD886176
539,Jennee,Odam,jodamey@jimdo.com,Female,Gantang,W04GX5GVXB1261572
540,Mata,Alabaster,malabasterez@redcross.org,Male,Stockholm,WAUMF98P76A483251
541,Gabe,Ritchie,gritchief0@google.nl,Male,Mikulčice,SCFFDABE2CG096899
542,Bernard,Penniall,bpenniallf1@youtu.be,Male,Tomobe,WA1CMAFP3FA243942
543,Linnie,Gorman,lgormanf2@skyrock.com,Female,Kelowna,WDDEJ7KB7DA652825
544,Alysa,Fader,afaderf3@state.gov,Female,Bitam,JN8AF5MR6DT887007
545,Phineas,Linder,plinderf4@ftc.gov,Male,Kuchinarai,WAUHE78P88A000460
546,Esteban,Cowhig,ecowhigf5@pen.io,Male,Kitango,WAUBC48H85K716235
547,Woodrow,Couvert,wcouvertf6@ucoz.ru,Male,Bonneuil-sur-Marne,2G61N5S39E9573585
548,Gabbie,Uzzell,guzzellf7@infoseek.co.jp,Male,Pulian,KMHEC4A46DA304791
549,Ernest,Swatman,eswatmanf8@hexun.com,Male,Urus-Martan,WAUMF78K99N725544
550,Darrel,Speir,dspeirf9@nbcnews.com,Male,Hadano,WAUKFBFLXEN598531
551,Hillie,Lake,hlakefa@scribd.com,Male,Kostopil’,1N6AF0LX4FN517418
552,Wenona,Thresh,wthreshfb@va.gov,Female,Haz-Zebbug,JH4KC1F77EC984777
553,Cary,Canty,ccantyfc@usa.gov,Male,Yezhu,3C3CFFDR2ET691814
554,Janet,Burder,jburderfd@livejournal.com,Female,Tingqian,WA1CV94L39D842631
555,Dru,Rainsdon,drainsdonfe@vimeo.com,Male,Hongqiao,1GTG5AE37F1329905
556,Freddie,Showell,fshowellff@pen.io,Male,Basa,JN1CV6FE8EM695707
557,Eustace,Pigdon,epigdonfg@stumbleupon.com,Male,Remiremont,WA1LGAFE7ED315132
558,Gerri,Pollastrone,gpollastronefh@nsw.gov.au,Female,Lubao,1FTEX1C8XAF223120
559,Rasla,Balloch,rballochfi@smh.com.au,Female,Johor Bahru,1C4RDHEG1CC296228
560,Vinnie,Bruneau,vbruneaufj@google.ru,Female,Annan,JM3ER2W37A0283630
561,Damon,Iacomelli,diacomellifk@networkadvertising.org,Male,Bobolice,TRURD38J981667395
562,April,Picken,apickenfl@usda.gov,Female,North Side,1FTWW3A52AE551858
563,Ulric,Richardsson,urichardssonfm@soup.io,Male,Sansanné-Mango,2C3CDYAG1CH345103
564,Shanon,Petcher,spetcherfn@tinyurl.com,Female,Subrag,1GTN1TEH6EZ539311
565,Johnathon,Olander,jolanderfo@amazonaws.com,Male,Buinsk,JM1NC2LF5F0466847
566,Ralph,Momford,rmomfordfp@etsy.com,Male,El Corozo,KNAFU5A20D5174815
567,Zahara,Lappine,zlappinefq@ow.ly,Female,Samamiya,1FTWW3DY4AE880177
568,Pattie,O'Clery,pocleryfr@reddit.com,Female,Maca,WP1AA2APXAL892116
569,Oliy,Fittis,ofittisfs@indiatimes.com,Female,Boyle,1GD322CG3EF019055
570,Willi,Kerrod,wkerrodft@angelfire.com,Female,Göteborg,2T1BPRHE7FC348112
571,Rheba,Markova,rmarkovafu@bravesites.com,Female,Lomme,WVWGU7AN1CE370483
572,Angelo,Ferretti,aferrettifv@apache.org,Male,Franco da Rocha,WA1VGBFP5EA979575
573,Elianore,Rawe,erawefw@hexun.com,Female,Nova Granada,WBAVS13578F280129
574,Abrahan,Giberd,agiberdfx@patch.com,Male,Xishaqiao,WVWAA7AHXBV789634
575,Rhea,McTeague,rmcteaguefy@gravatar.com,Female,Tangga,WAUFFBFL6AN332113
576,Alonso,Safe,asafefz@aol.com,Male,Astorga,5N1AN0NU4CC604683
577,Darcie,Pantone,dpantoneg0@hc360.com,Female,Nakhon Chai Si,WBAFU7C56BD954212
578,Erich,Mont,emontg1@blog.com,Male,Koh Kong,2T1BURHE1FC166088
579,Edyth,Granham,egranhamg2@nyu.edu,Female,Aianí,JN1BV7AP1FM020177
580,Menard,Cockell,mcockellg3@stumbleupon.com,Male,Vanimo,WBA3B1C50FP206775
581,Raimundo,Sinncock,rsinncockg4@walmart.com,Male,Bajomulyo,JTJBJRBZ0F2191001
582,Cobbie,Leipnik,cleipnikg5@cloudflare.com,Male,Nhà Bè,JN8AF5MR1FT594019
583,Murielle,Whittier,mwhittierg6@twitter.com,Female,Fatumuti,3GYFK52299G073600
584,Orin,Niblo,oniblog7@google.es,Male,Sabaneta,3VW507AT3FM670166
585,Claus,Sperring,csperringg8@redcross.org,Male,Los Cerrillos,WAULD54B13N427525
586,Allys,Moynihan,amoynihang9@yahoo.co.jp,Female,Hazlov,5LMJJ3H54BE732942
587,Salomo,Grover,sgroverga@guardian.co.uk,Male,Otra Banda,1G6AP5SX5E0017989
588,Paton,Yewman,pyewmangb@seesaa.net,Male,Liushun,JTMHY7AJ6D4232564
589,Gwennie,Heine,gheinegc@wsj.com,Female,Mo I Rana,1FTSS3EL0AD016858
590,Yuri,Bohl,ybohlgd@ucla.edu,Male,Castro,1G6AE5S3XE0402144
591,Morry,Hadgkiss,mhadgkissge@wisc.edu,Male,Nizhnyaya Tura,2FMGK5BC1CB771317
592,Arty,Folkerd,afolkerdgf@delicious.com,Male,Bila Krynytsya,1VWAP7A33EC852458
593,Buiron,Kampshell,bkampshellgg@china.com.cn,Male,Valuyki,1YVHZ8BH1C5469299
594,Jean,Carr,jcarrgh@telegraph.co.uk,Male,Cerinza,WA1CFBFP3BA073351
595,Sadella,Abramovic,sabramovicgi@geocities.jp,Female,Bodĭ,1G6DE8EG2A0891517
596,Dennet,Sarl,dsarlgj@walmart.com,Male,Złotniki Kujawskie,1FMEU6FE9AU012487
597,Tammara,Meekings,tmeekingsgk@soup.io,Female,Santo Estêvão,4USBT33585L999914
598,Marty,Zmitrichenko,mzmitrichenkogl@yahoo.co.jp,Female,Keti Bandar,SALSF2D47CA575347
599,Muhammad,McLarty,mmclartygm@mozilla.org,Male,Patquía,3C3CFFJH5ET112603
600,Manuel,Legerton,mlegertongn@wikia.com,Male,Cangkuang,WBAEW53484P888054
601,Auberta,Tomek,atomekgo@prweb.com,Female,Itaquaquecetuba,1FTEX1E81AF553290
602,Atlanta,Hansie,ahansiegp@fc2.com,Female,Athens,1FMJK1JT6FE802148
603,Alasteir,Dodgshon,adodgshongq@diigo.com,Male,Boliney,2G61S5S36F9527156
604,Bell,Hawker,bhawkergr@cnn.com,Female,Orzesze,JTDKTUD39ED689046
605,Florina,Phil,fphilgs@amazon.de,Female,Ordóñez,WA1AGBFE5CD620476
606,Ferne,Coster,fcostergt@smugmug.com,Female,Carrefour,1G4HP52K94U877462
607,Marji,Rowthorne,mrowthornegu@prnewswire.com,Female,Johor Bahru,WP1AA2A21DL878632
608,Hollis,Scain,hscaingv@merriam-webster.com,Male,Haocun,3FAHP0DC9BR090566
609,Dolli,Bruckshaw,dbruckshawgw@pbs.org,Female,Hongchang,JTDZN3EU3EJ746837
610,Mohammed,Karsh,mkarshgx@mozilla.com,Male,Kisii,WAUVT68E95A360656
611,Gerald,McClaughlin,gmcclaughlingy@tripadvisor.com,Male,Santa Rosa,1FTFW1E88AF443991
612,Chickie,Gerhartz,cgerhartzgz@hubpages.com,Male,Gaotian,WBAEP33423P323122
613,Tillie,Nellies,tnelliesh0@dell.com,Female,Great Neck,1GYS3CEF3BR352626
614,Maurine,de Clerc,mdeclerch1@sciencedaily.com,Female,Taoyang,2G61V5S83E9179494
615,Horten,Vamplers,hvamplersh2@fastcompany.com,Male,Grenoble,SCFEDCAD4AG770371
616,Karole,Ryall,kryallh3@sun.com,Female,Lingyang,YV1902FH6D2641089
617,Erna,Alyutin,ealyutinh4@yelp.com,Female,Brochów,3C63DRML8CG131940
618,Eliza,Glasper,eglasperh5@com.com,Female,Banī Zayd,WBAKF5C52CE683450
619,Ezri,Lalevee,elaleveeh6@ebay.com,Male,Velingrad,3FAHP0JA4AR029997
620,Allyce,Thiolier,athiolierh7@ca.gov,Female,Cheban,WVWED7AJ5BW319548
621,Delainey,Gillford,dgillfordh8@twitpic.com,Male,Āsmār,SALVN2BG1EH539581
622,Emelyne,Olin,eolinh9@yellowbook.com,Female,Miejska Górka,1N6AF0LY8FN454669
623,Fons,Roxburch,froxburchha@ycombinator.com,Male,Sovetskoye,1YVHZ8BH1D5192736
624,Ichabod,Learoid,ilearoidhb@spiegel.de,Male,Ambian,YV1852AR0A1560216
625,Mira,Beau,mbeauhc@newyorker.com,Female,Pasirmukti,1G4GB5GR7FF989197
626,Patrice,Huffey,phuffeyhd@shutterfly.com,Male,Wiang Chiang Rung,1C6RD6HT1CS552474
627,Muhammad,Asals,masalshe@weather.com,Male,Rahayu,1G6AH5RX2E0148512
628,Dorita,Kondratenko,dkondratenkohf@wisc.edu,Female,Mmaaf,19UUA56732A970231
629,Armstrong,Putland,aputlandhg@merriam-webster.com,Male,Kusak,1GYS4KEF1CR243316
630,Daryle,Fairtlough,dfairtloughhh@flavors.me,Male,Bergen op Zoom,KMHCT4AE0FU675284
631,Chico,Tasseler,ctasselerhi@taobao.com,Male,Malabonot,3D7TT2HT6BG594502
632,Cullie,Inglesfield,cinglesfieldhj@cyberchimps.com,Male,Krajandadapmulyo,4USBT33473L824039
633,Loy,Henrichs,lhenrichshk@usatoday.com,Male,Batu,WBAVA335X7K884195
634,Emmalee,Reynoollds,ereynoolldshl@house.gov,Female,Mayo,WAUBGAFC0CN151260
635,Aldus,Furtado,afurtadohm@baidu.com,Male,Suzhou,WDBSK7AA4BF060171
636,Ellyn,Bradden,ebraddenhn@illinois.edu,Female,Matangshan,WVGAV3AXXDW396827
637,Gav,Hopfner,ghopfnerho@ihg.com,Male,Paranho,1G4HR54K244184644
638,Dag,Hawe,dhawehp@indiatimes.com,Male,Lipljan,1G6DS5ED4B0038468
639,Brant,Hambrick,bhambrickhq@wisc.edu,Male,Tajimi,WAUDG68E65A950913
640,Esmeralda,Sidney,esidneyhr@usgs.gov,Female,Dubiecko,1VWAH7A35DC044074
641,Alejandra,Bagnold,abagnoldhs@tripod.com,Female,Kombolcha,5N1BA0NE9FN921067
642,Dene,Scading,dscadinght@google.nl,Male,New York City,1C4RDHDG2CC802425
643,Nadia,Ert,nerthu@people.com.cn,Female,Pukekohe East,1C3BC8EG1BN588036
644,Pasquale,Coumbe,pcoumbehv@indiegogo.com,Male,Neob,KMHHT6KD4DU513985
645,Putnam,Darcey,pdarceyhw@seesaa.net,Male,Tatuí,1G6DP8E32C0941844
646,Lorinda,McDavid,lmcdavidhx@umn.edu,Female,Isnos,WBAEB53548C406357
647,Dian,Hurtado,dhurtadohy@imageshack.us,Female,Tebanah,JTEBU4BF5AK036919
648,Franky,Foley,ffoleyhz@nature.com,Male,Néa Ionía,5UXZV4C54D0218745
649,Louisette,Batchelor,lbatchelori0@gnu.org,Female,Maoping,1G4HR57Y07U864630
650,Sibby,Schaumann,sschaumanni1@xinhuanet.com,Female,Ra-ngae,1G6AE1RX6F0536989
651,Waldon,Gerhold,wgerholdi2@canalblog.com,Male,Kanigorokrajan,2HNYD2H20CH247327
652,Gerhardt,Doll,gdolli3@admin.ch,Male,Cotabambas,KMHTC6AD7EU033498
653,Carlo,Secombe,csecombei4@wordpress.org,Male,Tres Isletas,1FTMF1EW8AK211727
654,Candi,Lawrenz,clawrenzi5@jigsy.com,Female,Aurora,3GYFNCE32FS795547
655,Lyn,Derrick,lderricki6@aboutads.info,Female,Xiangang,JM1NC2JF0D0581243
656,Garvy,O'Corrin,gocorrini7@marketwatch.com,Male,Tangzang,4A31K5DF2CE842479
657,Teirtza,Karlicek,tkarliceki8@princeton.edu,Female,Uppsala,1GD312CG1CF882680
658,Allsun,Jarrett,ajarretti9@irs.gov,Female,Tumpakkepuh,3GYFNCEY8AS924539
659,Violetta,Hainsworth,vhainsworthia@microsoft.com,Female,Catarman,WA1LFAFP8FA503634
660,Gar,Deschelle,gdeschelleib@vinaora.com,Male,Dadamtu,WUAAU34229N759824
661,Joelle,Alchin,jalchinic@tripadvisor.com,Female,Viñales,1FMJU1G59AE773739
662,Alfred,Karpe,akarpeid@bluehost.com,Male,Nāṟay,5J6TF1H35FL719438
663,Harrie,Scowcroft,hscowcroftie@addthis.com,Female,Huanglong,WVGEG9BPXCD419207
664,Scottie,Leathe,sleatheif@jiathis.com,Male,Siukh,3VWKX7AJ6AM135404
665,Justinian,MacElholm,jmacelholmig@unesco.org,Male,Göteborg,2T1BU4EE2DC176617
666,Fredek,Diaper,fdiaperih@zimbio.com,Male,Patos,5TFAW5F11FX793437
667,Dana,Grob,dgrobii@oaic.gov.au,Female,Timba Lauk,WP0AB2A91FS297672
668,Corri,Christophle,cchristophleij@berkeley.edu,Female,Nizhniy Lomov,WVGEP9BPXFD976770
669,Nevsa,Trewartha,ntrewarthaik@unc.edu,Female,Karlskoga,3C63D3DL3CG917724
670,Baldwin,Dimberline,bdimberlineil@sciencedaily.com,Male,Kembangarum,WBAYF8C51DD299856
671,Witty,Chamberlen,wchamberlenim@yahoo.com,Male,Guruafin,WAUSH94F97N317872
672,Windy,Tomankiewicz,wtomankiewiczin@hc360.com,Female,Irapa,JA4AS2AW2AZ296174
673,Connie,Clail,cclailio@tuttocitta.it,Female,San Pedro,1GD22ZCG0DZ334462
674,Christos,Kubek,ckubekip@unc.edu,Male,Nihommatsu,WAUD2AFD5EN751453
675,Odelia,Manuaud,omanuaudiq@bizjournals.com,Female,Promyshlennovskiy,5N1AN0NW7EN730660
676,August,De Paoli,adepaoliir@tripadvisor.com,Male,Perístasi,WBA3B1C52DF834999
677,Biron,Arboine,barboineis@sbwire.com,Male,Qiqin,JTHBE5C28D5924844
678,Gwendolen,Mynott,gmynottit@prweb.com,Female,Candijay,JHMGE8G21AS738271
679,Walton,Broyd,wbroydiu@nasa.gov,Male,Zamoskvorech’ye,WDDEJ7KB9DA440167
680,Bart,Brumbie,bbrumbieiv@shinystat.com,Male,Novi Šeher,KNADH4A36A6493270
681,Yettie,Stygall,ystygalliw@addthis.com,Female,Bago,JN8AE2KP5C9177062
682,Danette,Jaffra,djaffraix@exblog.jp,Female,Beit Jann,1GTN1TEX6BZ487584
683,Karole,Lowry,klowryiy@cnet.com,Female,Tékane,3GYFNCEY6BS182921
684,Lothario,Pordal,lpordaliz@github.io,Male,Kranjska Gora,WAULFAFH7BN262339
685,Monty,Golby,mgolbyj0@nationalgeographic.com,Male,Ashcroft,WBAWV135X8P983794
686,Marcie,Shaul,mshaulj1@quantcast.com,Female,Nowe Grocholice,1FTEW1E81AF548464
687,Zollie,Gadson,zgadsonj2@answers.com,Male,Kupang,KMHGH4JH2DU639123
688,Lucilia,Stave,lstavej3@joomla.org,Female,Veliki Preslav,JM1NC2LF6C0351766
689,Charlene,Fullerlove,cfullerlovej4@abc.net.au,Female,Malummaduri,4T1BK1EB9FU759942
690,Davy,Gioani,dgioanij5@flickr.com,Male,Kristianstad,1FMJK1F52DE238201
691,Wyndham,Press,wpressj6@independent.co.uk,Male,Examília,1G6DJ8EG9A0789837
692,Tessy,Fache,tfachej7@acquirethisname.com,Female,Baku,ZFF75VFA3F0418642
693,Zorana,Whitelock,zwhitelockj8@home.pl,Female,Tarikolot,5N1AN0NU7FN555374
694,Maggee,Temby,mtembyj9@uiuc.edu,Female,Iriga City,5N1AA0ND8EN913933
695,Hildagarde,Irving,hirvingja@rediff.com,Female,Esperalvillo,KNADH4A38A6581852
696,Uta,Mathieson,umathiesonjb@google.ca,Female,Waigete,WAU3VAFR0CA127188
697,Odilia,Kingswell,okingswelljc@xing.com,Female,Kuala Lumpur,JTHBE1BL1FA494586
698,Jeanette,Wolffers,jwolffersjd@prnewswire.com,Female,Sarpang,1GYS3LKJ4FR167743
699,Charla,Sirl,csirlje@51.la,Female,Zhanjia,WA1C8BFPXFA996247
700,Lindsey,Muscott,lmuscottjf@boston.com,Male,Volgograd,1G6DM57T460802145
701,Laurie,Oppy,loppyjg@bizjournals.com,Male,Nanping,2C3CCAGG1EH444461
702,Bearnard,Chalk,bchalkjh@paginegialle.it,Male,Huangtian,SCFEBBAC7AG826925
703,Rosalinde,Nuccii,rnucciiji@yale.edu,Female,Dzhankoy,WAULFAFH2EN303612
704,Doralynn,Leys,dleysjj@whitehouse.gov,Female,Vila Boa do Bispo,JTHBL5EFXF1854411
705,Junie,Glanton,jglantonjk@oaic.gov.au,Female,Currais,1N6AD0CU8DN506849
706,Llewellyn,Shotton,lshottonjl@google.it,Male,Chicago,YV1672MKXC2245629
707,Puff,Skoggins,pskogginsjm@symantec.com,Male,Takanabe,WAUDG78E36A254288
708,De,Loblie,dlobliejn@symantec.com,Female,Bački Petrovac,WAUMGAFL2AA850113
709,Florette,Mitchard,fmitchardjo@t-online.de,Female,Carvalheira,2G4GT5GV6D9907329
710,Damara,Marques,dmarquesjp@weebly.com,Female,Glogovac,55SWF4JB1FU734445
711,Briant,Flag,bflagjq@ocn.ne.jp,Male,Puyang,5XYKT3A16CG925079
712,Elysia,Yitzovitz,eyitzovitzjr@smh.com.au,Female,Seattle,JTEBC3EH5C2820417
713,Stu,Ballam,sballamjs@hc360.com,Male,Weihe,1FTSX2B54AE968631
714,Kissie,Bisterfeld,kbisterfeldjt@yandex.ru,Female,La Unión,2G4GT5GX3E9237709
715,Giorgi,Bang,gbangju@wiley.com,Male,Liulin,SCFHDDAJXAA273935
716,Jodi,Coultass,jcoultassjv@amazon.de,Male,Pīrgaaj,JTHBW1GG9E1528653
717,William,Soutter,wsoutterjw@reddit.com,Male,Las Vegas,5FRYD3H65GB814916
718,Jorge,Elster,jelsterjx@printfriendly.com,Male,Sandaoba,5N1AA0NC8FN615925
719,Stanly,Crookes,scrookesjy@wiley.com,Male,Hamburg Harvestehude,1FTEX1C85AF594203
720,Rosco,De Laspee,rdelaspeejz@sakura.ne.jp,Male,Sankera,2LMDJ6JK7EB190662
721,Sherlocke,Vuitton,svuittonk0@bandcamp.com,Male,Sainte-Adèle,1FMJK1H55CE955347
722,Harvey,Sealy,hsealyk1@cyberchimps.com,Male,Shiniu,1G6DN56S350823847
723,Meredith,Issit,missitk2@washington.edu,Male,Santa Rosa,WAUDN74F08N630591
724,Keenan,Nelius,kneliusk3@hc360.com,Male,Lille,1FMJU1H50AE158480
725,Dame,Lamburn,dlamburnk4@chicagotribune.com,Male,Dougou,5FPYK1F44CB304409
726,Corilla,Spickett,cspickettk5@theglobeandmail.com,Female,Skidal’,WA1CMAFE4BD072562
727,Riobard,Kolin,rkolink6@geocities.jp,Male,Krajan,WAUFFAFL1EA945618
728,Adore,Yter,ayterk7@discovery.com,Female,Gorzyczki,WBAYE4C50FD554351
729,Tommy,Milazzo,tmilazzok8@answers.com,Female,Fengyang,4A31K3DT4AE469016
730,Brigg,Costley,bcostleyk9@tumblr.com,Male,Bhiria,3C3CFFBR7ET482202
731,Madlen,Conti,mcontika@ihg.com,Female,Andarapa,1N6AA0CC6BN090541
732,Grantham,Ingre,gingrekb@ucsd.edu,Male,Moravská Třebová,1GYFK63848R102539
733,Thayne,Lawranson,tlawransonkc@diigo.com,Male,Kangmei,2T3BFREV3EW490713
734,Madelaine,Nairn,mnairnkd@oracle.com,Female,Takasaki,WBAKB8C5XAC391342
735,Zorina,Axby,zaxbyke@hostgator.com,Female,La Concepcion,5N1AA0NDXFN950077
736,Kienan,Abbe,kabbekf@ycombinator.com,Male,Prokop’yevsk,1G4HR54K634125448
737,Bud,Kolis,bkoliskg@pagesperso-orange.fr,Male,Ovsyanka,19XFB2F51DE707365
738,Wilhelmina,Berndsen,wberndsenkh@creativecommons.org,Female,Jarash,WBADX1C55BE442916
739,Justen,Yearnsley,jyearnsleyki@free.fr,Male,Tiro,3C4PDDBG2DT566013
740,Sandor,Corderoy,scorderoykj@yandex.ru,Male,Ledenice,1GYUCJEF5AR431159
741,Gilemette,Wilse,gwilsekk@mayoclinic.com,Female,Pancas,WBAPN7C55BA766929
742,Pauly,Nazareth,pnazarethkl@godaddy.com,Male,Magok,2HNYD18452H329998
743,Daron,Lander,dlanderkm@ox.ac.uk,Female,Rancagadog,1GKS2GEJ4DR177279
744,Cheryl,Kenan,ckenankn@t.co,Female,Матејче,JH4CU2E89EC814485
745,Barney,Simcock,bsimcockko@instagram.com,Male,Lobito,WVGAV3AX1EW945199
746,Sullivan,Anfrey,sanfreykp@1und1.de,Male,Ricardo Flores Magon,TRUTC28N141355670
747,Sandy,Janku,sjankukq@phoca.cz,Male,Comendador,1FAHP2DW1BG307797
748,Suzann,Castlake,scastlakekr@blogger.com,Female,Lyskovo,WBABD53405P374533
749,Nonna,Yuille,nyuilleks@jimdo.com,Female,Chatturat,1FTEW1CW7AK997656
750,Kaylee,Eary,kearykt@cpanel.net,Female,Kampen (Overijssel),3G5DA03E84S656720
751,Willey,Smieton,wsmietonku@aol.com,Male,Sivers’k,1FTEX1CW1AK951107
752,Aldwin,Clementel,aclementelkv@telegraph.co.uk,Male,Albertville,WBAKF9C52DE162334
753,Raul,Fessby,rfessbykw@phpbb.com,Male,Torre do Pinhão,2G4WY55J211175403
754,Dinnie,Mourant,dmourantkx@earthlink.net,Female,Kalidung,3N1AB6AP1CL576896
755,Noreen,Goom,ngoomky@fotki.com,Female,Bulusari,WAU4GBFB5BN710693
756,Diane,Extance,dextancekz@paypal.com,Female,Kaiama,2G4GV5GV6D9662297
757,Kerstin,Josilowski,kjosilowskil0@mediafire.com,Female,Ifo,1D4PT6GX6AW962607
758,Andras,Sharvill,asharvilll1@google.com.br,Male,Guaíba,3GYFNCEY6AS119042
759,Lenard,Beahan,lbeahanl2@usa.gov,Male,Vila Nova,WVGEF9BP5ED865609
760,Pen,Schapiro,pschapirol3@youtube.com,Female,Tuapse,WBAUP7C58AV303168
761,Sharity,Fireman,sfiremanl4@narod.ru,Female,Castelões,3VW1K7AJ9DM496043
762,Marj,Espine,mespinel5@lycos.com,Female,Simunul,3C3CFFJH2ET580434
763,Chickie,Grier,cgrierl6@latimes.com,Male,Alor Setar,KNDPB3A22C7573357
764,Bobine,Faichnie,bfaichniel7@jimdo.com,Female,Argivai,5N1AZ2MG6FN342119
765,Darnell,Tatem,dtateml8@noaa.gov,Male,Youdunjie,YV426MDA1F2346103
766,Ashlee,Dzeniskevich,adzeniskevichl9@geocities.com,Female,Fenyan,SAJWJ0FF9F8512290
767,Dominick,Frossell,dfrossellla@livejournal.com,Male,Charlotte,5TFAW5F13EX164549
768,Minnaminnie,Tithecott,mtithecottlb@ning.com,Female,Batanamang,1G6AB5RX1D0150204
769,Almeda,Burdis,aburdislc@ovh.net,Female,Rongcheng,KMHFH4JG3FA007030
770,Burtie,Shemelt,bshemeltld@tamu.edu,Male,Bačka Topola,5N1AN0NU0AC222759
771,Humbert,Peacock,hpeacockle@opera.com,Male,Zorak,WA1CMAFE9DD376070
772,Lanae,Bottleson,lbottlesonlf@ucoz.com,Female,Santa Cruz do Sul,WBSCL93421L817843
773,Blair,Hurndall,bhurndalllg@booking.com,Female,Profítis Ilías,2G4GU5GXXE9066860
774,Del,Gresley,dgresleylh@reuters.com,Male,Patsi,3D73Y3HL2AG067952
775,Chance,Overstreet,coverstreetli@pen.io,Male,San Francisco de Coray,KMHTC6AD0DU238613
776,Cobb,Skellern,cskellernlj@cdbaby.com,Male,Eusébio,1G4GE5EV7AF919845
777,Eward,Scopham,escophamlk@guardian.co.uk,Male,Spétses,1N6AA0ED7FN990943
778,Millisent,Hemphall,mhemphallll@adobe.com,Female,Kuzhu,WBA3D3C50EK308398
779,Tammie,Edgeller,tedgellerlm@storify.com,Male,Bamban,WAUEF48H87K992535
780,Whitby,Conti,wcontiln@washington.edu,Male,Xiluodu,1G6DH1E3XE0945213
781,Maryrose,Blaze,mblazelo@marketwatch.com,Female,Khōst,WDDDJ7CB9AA560105
782,Waylen,Falloon,wfalloonlp@quantcast.com,Male,Conde,5YMGY0C52BL489668
783,Ciro,Rawlinson,crawlinsonlq@apache.org,Male,Shevchenkove,2C3CCAEG3EH050723
784,Linell,Megarrell,lmegarrelllr@comsenz.com,Female,Sayang Lauq,JTDKN3DUXA0558951
785,George,Francecione,gfrancecionels@miibeian.gov.cn,Female,Sukasari,1HGCP2F34AA868392
786,Ellissa,Dudmesh,edudmeshlt@is.gd,Female,Baofeng,1FMJK1G54AE872555
787,Fergus,Sandison,fsandisonlu@statcounter.com,Male,Sindangsari,1GYEC638X8R101145
788,Kathie,Scruby,kscrubylv@liveinternet.ru,Female,Opoczno,3D7LT2ET5AG556228
789,Rosetta,Jaulme,rjaulmelw@uiuc.edu,Female,Xiongbei,1FADP5CU5FL797352
790,Wylma,Redpath,wredpathlx@biglobe.ne.jp,Female,Marsa Alam,1FTEW1CM7DK658852
791,Shelagh,Carbonell,scarbonellly@craigslist.org,Female,Sousse,WA1WMAFE6ED371181
792,Ezequiel,Baynton,ebayntonlz@google.de,Male,Gomunice,WAUGGBFC4DN160895
793,Zonda,Chilles,zchillesm0@twitpic.com,Female,Lokot’,SCFAD01A75G572750
794,Zacharias,Smalls,zsmallsm1@tmall.com,Male,Ketapang,1GYFC43519R807128
795,Mead,Dionisi,mdionisim2@apache.org,Male,Hässleholm,1FTMF1CW4AK988456
796,Hestia,Van den Velden,hvandenveldenm3@who.int,Female,Wojaszówka,JN1CV6EK7CM163272
797,Jordain,Pelerin,jpelerinm4@linkedin.com,Female,Lamatuka,KNAGM4ADXF5213137
798,Rodrigo,Huish,rhuishm5@imgur.com,Male,Emmen,JTHKD5BHXE2277133
799,Walton,Semper,wsemperm6@sina.com.cn,Male,Nizhniy Lomov,1G6KD5E61BU403152
800,Tracy,Gretton,tgrettonm7@usgs.gov,Male,Bailang,1D4PU2GK4BW767732
801,Shea,Joanaud,sjoanaudm8@blog.com,Male,Sarvaš,KMHCM3AC4AU166281
802,Zahara,Stimson,zstimsonm9@ca.gov,Female,Volosovo,JN8AS5MT4BW962273
803,Jilly,Choake,jchoakema@ucla.edu,Female,Princeville,1FAHP3EN0AW068775
804,Linnell,Luberti,llubertimb@npr.org,Female,Alapayevsk,2FMDK3AK1CB793818
805,Robbin,Krysztofiak,rkrysztofiakmc@pinterest.com,Female,Vännäs,SALAG2D44AA355590
806,Ted,Breadmore,tbreadmoremd@amazon.com,Male,Qinggis Han,1G4CU541934538643
807,Giselbert,Caldaro,gcaldarome@last.fm,Male,Kampungbajo,3D7TT2CT5BG429533
808,Sloan,Truckell,struckellmf@vimeo.com,Male,Indang,1FTEW1C86AF524650
809,Udall,Skipp,uskippmg@cisco.com,Male,Zgornje Pirniče,WBAFU7C50CD318600
810,Lesley,Radbone,lradbonemh@reuters.com,Male,Hashimoto,WAU2GAFC4CN126474
811,Julie,Appleyard,jappleyardmi@pcworld.com,Male,Kašina,WBANB33575B020084
812,Amble,Doyley,adoyleymj@nih.gov,Male,Juiz de Fora,KM8JT3AB7BU314412
813,Sadye,Abramamovh,sabramamovhmk@twitpic.com,Female,Xinye,1G6YV36A085315954
814,Roman,Jeaffreson,rjeaffresonml@creativecommons.org,Male,Zalishchyky,3GYT4MEF2BG628320
815,Jen,Lawey,jlaweymm@barnesandnoble.com,Female,Abade de Neiva,1N4AL2EPXDC011031
816,Nicolina,Hallums,nhallumsmn@de.vu,Female,Suntar,1GD322CG2EF889704
817,Elisabeth,Cleall,ecleallmo@infoseek.co.jp,Female,San Antonio,1FTEW1C85FF709229
818,Julienne,Skinn,jskinnmp@eepurl.com,Female,Maracaibo,JTEBU4BF8BK289413
819,Christalle,Rantoul,crantoulmq@youtube.com,Female,Jincun,5UXFE8C50AL313646
820,Laina,Romain,lromainmr@360.cn,Female,Jequié,WAUBF98E58A892728
821,Faun,Scyner,fscynerms@aboutads.info,Female,Vuhlehirs’k,2T1BPRHE0FC552573
822,Gaven,O'Hollegan,goholleganmt@cam.ac.uk,Male,Machikou,1G6YX36D375591435
823,Ware,Bywater,wbywatermu@123-reg.co.uk,Male,Canaries,SCBZK22E41C566171
824,Al,McElvogue,amcelvoguemv@netlog.com,Male,Banjar Batuaji Kaja,3N1AB7AP0FL749219
825,Noam,Chandlar,nchandlarmw@tripadvisor.com,Male,Okinawa,WUAUUAFG9CN470778
826,Carlyn,Brodest,cbrodestmx@chicagotribune.com,Female,Balongmulyo,JN1AZ4EH9DM355511
827,Cordelie,Scarce,cscarcemy@com.com,Female,Outeiro Seco,JTHBB1BA9B2357522
828,Herschel,Slaten,hslatenmz@xrea.com,Male,Wailolung,WAUKF98E38A971234
829,Ira,Grinnell,igrinnelln0@usgs.gov,Female,Göteborg,3VW1K7AJ5CM808647
830,Teriann,Bernath,tbernathn1@google.com.hk,Female,Ajaccio,1G6DK5EG3A0232191
831,Sanderson,Dimmack,sdimmackn2@google.co.jp,Male,Novokhovrino,KMHCT4AE7CU787866
832,Marlee,Amsberger,mamsbergern3@mail.ru,Female,Skopin,SCBLE37G86C045605
833,Mirabella,Patient,mpatientn4@imageshack.us,Female,Bhamdoun,1ZVBP8AM7E5260701
834,Maye,Cownden,mcowndenn5@issuu.com,Female,Esperalvillo,WDDHF7GB0EA551554
835,Kirk,Hicken,khickenn6@npr.org,Male,Xichuan,SALVP1BG3EH518302
836,Shoshana,Tink,stinkn7@cargocollective.com,Female,Caoping,5UXFA53512L636941
837,Guinevere,MacAindreis,gmacaindreisn8@ebay.co.uk,Female,Alençon,JN8AF5MR1DT449088
838,Keene,Tyres,ktyresn9@nasa.gov,Male,Sadang Kulon,WBAVL1C5XFV560482
839,Elfrieda,Sedgeman,esedgemanna@cbc.ca,Female,Esik,2G61N5S30D9436422
840,Fredrika,Bracegirdle,fbracegirdlenb@jugem.jp,Female,Borzęcin,1GYFK66828R756905
841,Robin,Beagin,rbeaginnc@tumblr.com,Male,Łapanów,2G4WS52J621120721
842,Ronda,Duffell,rduffellnd@ebay.co.uk,Female,Medang,1FTWW3B55AE610514
843,Alisander,Bomb,abombne@cnbc.com,Male,Victoria Falls,WAUJT68E82A912562
844,Clara,Bum,cbumnf@domainmarket.com,Female,Karangwungu Lor,YV1612FHXE2804974
845,Nigel,Gullan,ngullanng@deviantart.com,Male,Alabat,JTEBU4BF6BK499685
846,Esra,Campsall,ecampsallnh@over-blog.com,Male,Al ‘Anān,3D73Y4HL9AG356770
847,Torrin,Andrzejewski,tandrzejewskini@ifeng.com,Male,Montijo,3C4PDDAG2ET516361
848,Ardenia,Severn,asevernnj@elegantthemes.com,Female,Phrae,YV1672MK3D2738523
849,Almeda,Checchi,achecchink@stumbleupon.com,Female,New Yekepa,WAULH54B51N614252
850,Roma,Threader,rthreadernl@harvard.edu,Male,Majāz al Bāb,WP0AA2A98ES188417
851,Abrahan,Caplis,acaplisnm@dell.com,Male,Mozdok,JN1CV6EK5EM640025
852,Mikel,Pregel,mpregelnn@vimeo.com,Male,Santa Brigida,19UUA9F22BA746220
853,Barry,Babbs,bbabbsno@surveymonkey.com,Male,Sirte,KMHGH4JH7CU150540
854,Melly,Shopcott,mshopcottnp@cornell.edu,Female,Cibodas,KMHCM3AC9AU066550
855,Emmi,Gustus,egustusnq@people.com.cn,Female,Camagüey,SALAB2D49BA157488
856,Bennie,Iaduccelli,biaduccellinr@tinypic.com,Male,Mayfa‘ah,5J8TB3H31GL885391
857,Martita,Hollows,mhollowsns@mediafire.com,Female,Adzopé,WAUDFAFL9FN049780
858,Ardelis,Wardingly,awardinglynt@wiley.com,Female,Pakuncen,JM1CW2BL0D0679370
859,Averell,Cheater,acheaternu@jalbum.net,Male,Vranisht,1FTDS3EL9AD444985
860,Norean,Deboy,ndeboynv@webnode.com,Female,Pukou,WBABW53456P545191
861,Chancey,Tebbut,ctebbutnw@reference.com,Male,Pagangan,KMHHT6KD1AU548186
862,Estelle,Bergstram,ebergstramnx@shareasale.com,Female,New Orleans,5XYKT3A12BG419831
863,Maurine,Fraczak,mfraczakny@surveymonkey.com,Female,Charat,1FMEU7DE5AU777124
864,Lucina,Fausset,lfaussetnz@godaddy.com,Female,Yinglong,1D7RW3BKXAS927802
865,Gunar,Klagge,gklaggeo0@quantcast.com,Male,Nagrog Wetan,19UUA662X4A709532
866,Brew,Wiltsher,bwiltshero1@ucsd.edu,Male,Nelas,JTHKD5BH8D2512658
867,Caryl,Wilbore,cwilboreo2@symantec.com,Male,Cran-Gevrier,WBS3C9C57FP637511
868,Paige,Beddows,pbeddowso3@clickbank.net,Male,Mališevo,WA1DGAFE8CD760304
869,Joyce,Sibray,jsibrayo4@loc.gov,Female,Căuşeni,1G6DW677970257113
870,Ninnette,Stitcher,nstitchero5@sina.com.cn,Female,Darkūsh,1G6DP577360570888
871,Sander,Krauze,skrauzeo6@cisco.com,Male,Zhongben,YV1612FS4E2442622
872,Chev,Alphonso,calphonsoo7@ning.com,Male,Kebonagung,2HNYD28418H076662
873,Marion,Frise,mfriseo8@wikispaces.com,Male,Tumbi,JTEBU4BF0EK898760
874,Menard,Hallatt,mhallatto9@over-blog.com,Male,Zarichchya,WAUAH78E56A240876
875,Quint,Maps,qmapsoa@microsoft.com,Male,Abaca,1FTSW2B50AE025848
876,Corby,Berridge,cberridgeob@oaic.gov.au,Male,Setonokalong,3D7JV1EP5BG967225
877,Renado,Roddy,rroddyoc@globo.com,Male,Weizhou,WAU3FAFR7BA797302
878,Bat,Horlick,bhorlickod@businesswire.com,Male,Felgueiras,3VW4T7AT3EM010632
879,Edd,Albon,ealbonoe@naver.com,Male,Kelaniya,WAUBF78E18A586940
880,Zeb,Tatum,ztatumof@fc2.com,Male,Araras,WAUPL58E95A733357
881,Glynis,Malicki,gmalickiog@squarespace.com,Female,Pointe-à-Pitre,3D4PH6FG7BT052359
882,Matthieu,Pittway,mpittwayoh@mac.com,Male,Huangtang,WBA3A5C51DJ197398
883,Delcina,Darlaston,ddarlastonoi@cornell.edu,Female,Rio Novo do Sul,1G4PR5SK6F4572316
884,Mata,Barr,mbarroj@psu.edu,Male,Dolno Palčište,1FTMF1CW8AK194558
885,Rogerio,Piburn,rpiburnok@multiply.com,Male,Petrovskaya,1G6KF57925U586910
886,Ambrosius,Camous,acamousol@clickbank.net,Male,Mabyan,WAUVC58E93A578555
887,Isabella,Sedgeworth,isedgeworthom@ox.ac.uk,Female,Changfeng,2G61S5S32F9839572
888,Irv,Stoffer,istofferon@webmd.com,Male,Talalora,1N6AF0LY4FN344265
889,Jed,Kilbourn,jkilbournoo@loc.gov,Male,Añatuya,1FTSW2B52AE775834
890,Raoul,Tunn,rtunnop@ft.com,Male,Maïné Soroa,WP0AA2A95BS419429
891,Candace,Casella,ccasellaoq@theatlantic.com,Female,Glória do Goitá,1FMCU4K3XAK866884
892,Mei,Shoebrook,mshoebrookor@cnbc.com,Female,Trondheim,3C3CFFCRXDT933748
893,Teodorico,Coxhell,tcoxhellos@multiply.com,Male,Xunjian,19XFA1E89AE402474
894,Lila,Wapplington,lwapplingtonot@tiny.cc,Female,Mnichovo Hradiště,1N6AF0LY5FN164728
895,Quintus,Witchell,qwitchellou@4shared.com,Male,Kajuru,JM1NC2NF2E0562334
896,Wilbert,Yegorchenkov,wyegorchenkovov@hud.gov,Male,Montpellier,JM3TB2MA9A0194414
897,Milo,Goseling,mgoselingow@dailymail.co.uk,Male,Askeaton,1G6DW67V590502099
898,Elsa,Casaro,ecasaroox@vinaora.com,Female,Arraial do Cabo,1C3CC5FB1AN177272
899,Esta,Barizeret,ebarizeretoy@ft.com,Female,Anxiang,WAUUFAFH4BN819809
900,Camella,Oldford,coldfordoz@delicious.com,Female,Vilar do Pinheiro,JN1CV6EK3CM378776
901,Cassandra,Banham,cbanhamp0@go.com,Female,Stockholm,WBABD33415P466366
902,Ainsley,Scantleberry,ascantleberryp1@reference.com,Female,Paris 11,WAUJC58EX5A800392
903,Ophelie,Beesey,obeeseyp2@aboutads.info,Female,Dukuhmencek Lor,1GYFK43878R823474
904,Gustavus,Burdge,gburdgep3@fastcompany.com,Male,Shinao,1N6AF0LX7FN351170
905,Corly,Pabelik,cpabelikp4@trellian.com,Female,Sergiyev Posad,2C3CCAAG4CH235785
906,Juliana,Willmott,jwillmottp5@xinhuanet.com,Female,Wushishi,JN1CV6EK6FM229315
907,Sayre,Coulbeck,scoulbeckp6@samsung.com,Male,Örebro,3D73Y3CL2BG029467
908,Stanislas,Groucutt,sgroucuttp7@samsung.com,Male,Novoishimskiy,5FRYD3H82EB987338
909,Wells,Eveleigh,weveleighp8@slate.com,Male,Tambak,1GYS4HEF6DR225690
910,Hale,Ashingden,hashingdenp9@prnewswire.com,Male,Waco,5UXZV4C51BL064877
911,Royal,Gaize,rgaizepa@tuttocitta.it,Male,Llalli,1N4AL2AP2AN676933
912,Cesya,Moreby,cmorebypb@sitemeter.com,Female,Bira,WBAYA8C58ED104982
913,Perren,Siggee,psiggeepc@go.com,Male,San Diego,WBAWC3C55AP509789
914,Dunc,Koop,dkooppd@nhs.uk,Male,Miratejo,1C3CDZCB4CN339407
915,Kenn,Venning,kvenningpe@omniture.com,Male,Zomba,JTEBU5JR8C5578907
916,Dorothy,Lazell,dlazellpf@dell.com,Female,Villa Nueva,2HNYD18794H885809
917,Ingar,Wattins,iwattinspg@mozilla.com,Male,Tiznit,1GYS3DEFXDR804936
918,Towney,Skyme,tskymeph@youtube.com,Male,Raków,1FTEW1CM3DF201920
919,Elden,Dufoure,edufourepi@eepurl.com,Male,Kota Kinabalu,3FAHP0DC0BR435693
920,Jeannette,Dowthwaite,jdowthwaitepj@chicagotribune.com,Female,Ülken,1G6AH5S37F0717881
921,Issi,Brosini,ibrosinipk@histats.com,Female,Shuitian,1G6DM5E31C0443531
922,Benji,Watsam,bwatsampl@earthlink.net,Male,Kembangan,WAUHE78P19A177983
923,Benni,Wycliff,bwycliffpm@163.com,Female,Basar,3N1CE2CPXFL576678
924,Meridith,Timny,mtimnypn@timesonline.co.uk,Female,Garoua Boulaï,WAUSG74F79N032694
925,Gwendolin,Burrus,gburruspo@spotify.com,Female,Laoliangcang,WA1AY74L99D583971
926,Jemmy,Longhorne,jlonghornepp@google.es,Female,Batiano,WAUFL54D61N491798
927,Mahmoud,Fend,mfendpq@accuweather.com,Male,Enshi,1D4PT6GX3BW443127
928,Cornie,Padrick,cpadrickpr@sciencedirect.com,Female,Chimbas,JTDKDTB30C1579964
929,Jany,Mugridge,jmugridgeps@microsoft.com,Female,Xi’an,WBS3U9C58FP104869
930,Moe,Makinson,mmakinsonpt@irs.gov,Male,Kuttu,5N1AN0NW0FN174869
931,Bekki,Suttle,bsuttlepu@sciencedaily.com,Female,Cergy-Pontoise,WA1VMBFE9CD493855
932,Jasmine,Duplock,jduplockpv@artisteer.com,Female,Luojiaping,WDDEJ7GB4DA851128
933,Tybi,Jowsey,tjowseypw@51.la,Female,Mayma,WAUET48H35K093491
934,Filip,Derycot,fderycotpx@pinterest.com,Male,Mayuge,2C3CCAJT9CH998740
935,Abelard,Tumber,atumberpy@gnu.org,Male,Chon Buri,WUADNAFG2BN437388
936,Nana,Dureden,nduredenpz@prlog.org,Female,Tawangsari,SAJWA0F75F8247246
937,Beverlee,Brise,bbriseq0@gizmodo.com,Female,Erping,WA1AV94L97D853590
938,Basia,Wiersma,bwiersmaq1@uiuc.edu,Female,Paris 01,4A31K2DF5AE135226
939,Ingemar,Twinborne,itwinborneq2@shareasale.com,Male,Emplak,JH4CU2E67AC978262
940,Mortimer,Ashenhurst,mashenhurstq3@nbcnews.com,Male,Enköping,WBA3F9C56DF007378
941,Noellyn,Lanigan,nlaniganq4@facebook.com,Female,Shimonoseki,WA1VKAFP0AA901661
942,Corty,Ripley,cripleyq5@tmall.com,Male,Guanabacoa,WAUVC58E04A862061
943,Wainwright,Langer,wlangerq6@moonfruit.com,Male,Massy,1FMJK1G52EE503134
944,Demetre,Hallford,dhallfordq7@topsy.com,Male,Wiązownica,1G6KY54972U574231
945,Andrey,Areles,aarelesq8@goo.ne.jp,Male,Chengdong,5J8TB4H58DL439211
946,Goraud,Bayford,gbayfordq9@yolasite.com,Male,Chengbei,WAURVAFD1CN260064
947,Brittany,Minchinden,bminchindenqa@hexun.com,Female,Azinhal,KNAGG4A82A5034707
948,Edie,Jennions,ejennionsqb@census.gov,Female,Tandou,WBAUN1C55CV851814
949,Lucia,McVeigh,lmcveighqc@google.co.jp,Female,Alajuela,3VW4A7AT5CM730534
950,Tanya,Mazzeo,tmazzeoqd@walmart.com,Female,Cikuda,2G4GR5ER3D9821464
951,Martica,Boteman,mbotemanqe@jiathis.com,Female,Tartu,SCFAD01E09G071563
952,Samaria,Petkens,spetkensqf@furl.net,Female,Kuwait City,SCFAB01A76G220310
953,Umberto,Lanfear,ulanfearqg@cbc.ca,Male,Jelisavac,1G6AM5SX6E0114286
954,Sayer,Garstang,sgarstangqh@istockphoto.com,Male,Uluale,WBAWB3C5XAP985734
955,Rosanne,Osbaldstone,rosbaldstoneqi@github.com,Female,San Rafael,WBAEV33475K052158
956,Filmer,Nason,fnasonqj@ucoz.ru,Male,Novopskov,1G6AB5RX6E0993428
957,Kelly,Fearneley,kfearneleyqk@imgur.com,Female,San Felipe,WAUVT58E53A715586
958,Giulietta,Sultana,gsultanaql@ted.com,Female,Silveiros,WBANW1C50AC070936
959,Karie,Menilove,kmeniloveqm@vkontakte.ru,Female,Marsa Alam,3GYVKMEF3AG066098
960,Abbey,Winsor,awinsorqn@jiathis.com,Male,Sölvesborg,WAUGGBFC8DN218748
961,Judy,Gillis,jgillisqo@blog.com,Female,Changmaoling,WVGAV7AX3BW210985
962,Robers,Riseborough,rriseboroughqp@bloomberg.com,Male,Pontal,YV1902MC3F1531455
963,Meryl,Weddeburn - Scrimgeour,mweddeburnscrimgeourqq@miibeian.gov.cn,Female,Moca,JN1CV6AP0DM751954
964,Duff,Kiddie,dkiddieqr@geocities.jp,Male,Mikumi,WAUHF68P46A773852
965,Erick,Spedroni,espedroniqs@intel.com,Male,Chernukha,WBA3B9C56DF699721
966,Gerri,Massei,gmasseiqt@goodreads.com,Female,Forestville,WVWAB7AJXDW526265
967,Cookie,D'Hooghe,cdhooghequ@last.fm,Female,Kruhlaye,1G4GA5EC2AF756094
968,Mabelle,Wilby,mwilbyqv@japanpost.jp,Female,Fuchang,WAUEF78E57A898562
969,Jeremiah,Marte,jmarteqw@prlog.org,Male,Ilongero,SCFEFBBC9AG824225
970,Blinny,Lerigo,blerigoqx@elpais.com,Female,Zangbawa,SCFAB01A98G615091
971,Elnar,Yare,eyareqy@nps.gov,Male,Pontevedra,KL4CJHSB6FB111831
972,Margo,Bradbeer,mbradbeerqz@oaic.gov.au,Female,Taiyanghe,2T1BURHE2EC601666
973,Filmer,Coneron,fconeronr0@ft.com,Male,Songzhuang,5TDDK3DC7CS636224
974,Rudolph,Hickenbottom,rhickenbottomr1@cnn.com,Male,Gobang,1GYS4TKJ0FR778964
975,Brigid,Sazio,bsazior2@tamu.edu,Female,Penang,3D73Y4HL2BG075511
976,Ugo,Amthor,uamthorr3@nationalgeographic.com,Male,Yuanmou,JHMGE8G3XBC611748
977,Maude,Fairbrother,mfairbrotherr4@vk.com,Female,Malaga,1G6AY5S38E0015776
978,Clark,MacCahee,cmaccaheer5@geocities.jp,Male,Krasica,WBA3G7C51EK278312
979,Yankee,Hurd,yhurdr6@wiley.com,Male,Topi,2C4RVAAG6CR601143
980,Alec,Pilcher,apilcherr7@nih.gov,Male,Würzburg,1G6DM1ED0B0100337
981,Ron,Lasham,rlashamr8@myspace.com,Male,Palopo,1G6DS57V090616579
982,Vite,Danieli,vdanielir9@amazon.co.uk,Male,Jiangluo,1G6DJ5EV5A0344797
983,Cly,Persicke,cpersickera@fc2.com,Male,Zhangqing,1G6AE5SX2F0866968
984,Raphael,McLoney,rmcloneyrb@smugmug.com,Male,Gaokan,1FM5K7B89EG366560
985,Bailey,Denslow,bdenslowrc@cbslocal.com,Male,Cholpon-Ata,WAUKFAFL8CN774810
986,Thomas,Sollowaye,tsollowayerd@angelfire.com,Male,Jiujie,WBAGL63515D945875
987,Parnell,Krolik,pkrolikre@i2i.jp,Male,Gamping Lor,1B3CB1HA5BD176632
988,Crysta,Shakesbye,cshakesbyerf@homestead.com,Female,Липково,WA1LMBFE2ED721012
989,Baldwin,Mattisson,bmattissonrg@amazonaws.com,Male,Shibushi,1FTEX1CM3DF221985
990,Ethel,Ollington,eollingtonrh@china.com.cn,Female,Sousse,WP1AE2A29EL291987
991,Karlis,Boddam,kboddamri@wiley.com,Male,Canalete,1G6KE54Y01U372636
992,Case,Mallon,cmallonrj@bing.com,Male,Morrito,1G6AJ5S33F0427528
993,Nataniel,Style,nstylerk@fastcompany.com,Male,Łyse,WBADX7C56CE744803
994,Tadeo,Jeanequin,tjeanequinrl@theatlantic.com,Male,Khoroshëvo-Mnevniki,SCBZK25E71C566841
995,Mal,Wayman,mwaymanrm@sfgate.com,Male,Al Jabīn,YV126MFK9F2474365
996,Clint,Birmingham,cbirminghamrn@ow.ly,Male,Fengcheng,1FTEW1CM8EK655489
997,Elisa,Esby,eesbyro@biglobe.ne.jp,Female,Vale de Rolas,WA1LGBFEXCD132374
998,Prescott,Clowley,pclowleyrp@facebook.com,Male,Skrunda,WBAPK5G56BN444624
999,Annis,Redish,aredishrq@arstechnica.com,Female,Donetsk,1G4PP5SK1C4025620
1000,Taffy,Ruppelin,truppelinrr@example.com,Female,Sassandra,SCBFH7ZA5FC338835
